Pakirno_st,Dvodelnost,Ravninski,St_povezav,Gostota,Povp_stopnja,Zgoscenost,Povp_razdalja,Najdaljsa_pot,Premer
5,False,False,33,1.0,3.0,0.0,2.714,21,5
5,False,False,33,1.0,3.0,0.091,2.827,21,5
5,False,False,33,1.0,3.0,0.045,2.792,21,5
5,False,False,33,1.0,3.0,0.045,2.87,21,6
5,False,False,33,1.0,3.0,0.091,2.939,21,5
5,False,False,33,1.0,3.0,0.182,2.848,21,6
5,False,False,33,1.0,3.0,0.045,2.792,21,5
5,False,False,33,1.0,3.0,0.136,2.935,21,6
5,False,False,33,1.0,3.0,0.136,3.078,21,6
5,False,False,33,1.0,3.0,0.227,3.017,21,6
5,False,False,33,1.0,3.0,0.091,3.19,21,6
5,False,False,33,1.0,3.0,0.045,2.905,21,6
5,False,False,33,1.0,3.0,0.136,2.835,21,5
5,False,False,33,1.0,3.0,0.136,2.909,21,6
5,False,False,33,1.0,3.0,0.136,2.844,21,5
5,False,False,33,1.0,3.0,0.091,2.848,21,5
5,False,False,33,1.0,3.0,0.091,2.844,21,5
5,False,False,33,1.0,3.0,0.136,2.844,21,6
5,False,False,33,1.0,3.0,0.136,2.775,21,5
5,False,False,33,1.0,3.0,0.136,3.009,21,6
5,False,False,33,1.0,3.0,0.091,2.827,21,6
5,False,False,33,1.0,3.0,0.136,2.935,21,6
5,False,False,33,1.0,3.0,0.0,2.727,21,5
5,False,False,33,1.0,3.0,0.045,2.693,21,5
5,False,False,33,1.0,3.0,0.045,2.732,21,5
5,False,False,33,1.0,3.0,0.045,2.831,21,6
5,False,False,33,1.0,3.0,0.091,2.952,21,5
5,False,False,33,1.0,3.0,0.091,2.857,21,6
5,False,False,33,1.0,3.0,0.091,2.835,21,5
5,False,False,33,1.0,3.0,0.136,3.078,21,7
5,False,False,33,1.0,3.0,0.091,2.861,21,5
5,False,False,33,1.0,3.0,0.045,2.68,21,5
5,False,False,33,1.0,3.0,0.182,3.004,21,6
5,False,False,33,1.0,3.0,0.136,2.831,21,5
5,False,False,33,1.0,3.0,0.091,2.84,21,5
5,False,False,33,1.0,3.0,0.091,2.883,21,5
5,False,False,33,1.0,3.0,0.182,2.805,21,5
5,False,False,33,1.0,3.0,0.0,2.71,21,5
5,False,False,33,1.0,3.0,0.136,3.026,21,6
5,False,False,33,1.0,3.0,0.091,3.074,21,7
5,False,False,33,1.0,3.0,0.045,2.71,21,5
5,False,False,33,1.0,3.0,0.045,2.81,21,5
5,False,False,33,1.0,3.0,0.0,2.723,21,5
5,False,False,33,1.0,3.0,0.045,2.784,21,5
5,False,False,33,1.0,3.0,0.182,3.043,21,6
5,False,False,33,1.0,3.0,0.227,2.853,21,5
5,False,False,33,1.0,3.0,0.045,2.719,21,5
5,False,False,33,1.0,3.0,0.0,2.641,21,4
5,False,False,33,1.0,3.0,0.0,2.983,21,6
5,False,False,33,1.0,3.0,0.045,2.81,21,5
5,False,False,33,1.0,3.0,0.045,2.727,21,5
5,False,False,33,1.0,3.0,0.136,3.13,21,7
5,False,False,33,1.0,3.0,0.045,2.71,21,5
5,False,False,33,1.0,3.0,0.0,2.649,21,5
5,False,False,33,1.0,3.0,0.091,2.961,21,5
5,False,False,33,1.0,3.0,0.0,2.615,21,4
5,False,False,33,1.0,3.0,0.045,2.844,21,5
5,False,False,33,1.0,3.0,0.091,2.991,21,6
5,False,False,33,1.0,3.0,0.045,2.736,21,5
5,False,False,33,1.0,3.0,0.045,2.762,21,5
5,False,False,33,1.0,3.0,0.045,2.749,21,5
5,False,False,33,1.0,3.0,0.136,2.879,21,5
5,False,False,33,1.0,3.0,0.091,2.931,21,6
5,False,False,33,1.0,3.0,0.045,2.9,21,6
5,False,False,33,1.0,3.0,0.136,3.022,21,6
5,False,True,33,1.0,3.0,0.182,3.247,21,7
5,False,False,33,1.0,3.0,0.091,2.727,21,5
5,False,False,33,1.0,3.0,0.136,2.922,21,5
5,False,False,33,1.0,3.0,0.045,3.013,21,6
5,False,False,33,1.0,3.0,0.045,2.896,21,5
5,False,False,33,1.0,3.0,0.182,3.281,21,7
5,False,False,33,1.0,3.0,0.045,2.801,21,5
5,False,False,33,1.0,3.0,0.0,2.909,21,5
5,False,False,33,1.0,3.0,0.091,2.831,21,5
5,False,False,33,1.0,3.0,0.0,2.667,21,5
5,False,False,33,1.0,3.0,0.0,2.68,21,5
5,False,False,33,1.0,3.0,0.091,2.861,21,5
5,False,False,33,1.0,3.0,0.136,2.892,21,5
5,False,False,33,1.0,3.0,0.136,2.87,21,6
5,False,False,33,1.0,3.0,0.091,2.827,21,5
5,False,True,33,1.0,3.0,0.136,3.247,21,7
5,False,False,33,1.0,3.0,0.136,2.905,21,6
5,False,False,33,1.0,3.0,0.045,2.701,21,5
5,False,False,33,1.0,3.0,0.091,2.913,21,5
5,False,False,33,1.0,3.0,0.045,2.766,21,5
5,False,False,33,1.0,3.0,0.045,2.706,21,5
5,False,False,33,1.0,3.0,0.091,2.905,21,6
5,False,False,33,1.0,3.0,0.045,2.706,21,5
5,False,False,33,1.0,3.0,0.136,2.97,21,5
5,False,False,33,1.0,3.0,0.091,3.074,21,6
5,False,False,33,1.0,3.0,0.091,2.961,21,6
5,False,False,33,1.0,3.0,0.0,2.706,21,5
5,False,False,33,1.0,3.0,0.091,2.81,21,5
5,False,False,33,1.0,3.0,0.0,2.736,21,5
5,False,False,33,1.0,3.0,0.045,2.814,21,5
5,False,False,33,1.0,3.0,0.136,2.909,21,6
5,False,False,33,1.0,3.0,0.091,2.701,21,5
5,False,False,33,1.0,3.0,0.045,2.939,21,6
5,False,False,33,1.0,3.0,0.182,3.277,21,7
5,False,False,33,1.0,3.0,0.045,2.706,21,5
5,False,False,33,1.0,3.0,0.182,3.173,21,6
5,False,False,33,1.0,3.0,0.091,2.844,21,5
5,False,False,33,1.0,3.0,0.091,2.818,21,5
5,False,False,33,1.0,3.0,0.0,2.688,21,5
5,False,False,33,1.0,3.0,0.091,2.827,21,5
5,False,False,33,1.0,3.0,0.136,2.922,21,6
5,False,False,33,1.0,3.0,0.091,2.844,21,5
5,False,False,33,1.0,3.0,0.045,2.727,21,5
5,False,False,33,1.0,3.0,0.091,2.948,21,6
5,False,False,33,1.0,3.0,0.136,2.913,21,5
5,False,False,33,1.0,3.0,0.136,3.091,21,6
5,False,False,33,1.0,3.0,0.091,2.853,21,5
5,False,False,33,1.0,3.0,0.182,3.056,21,6
5,False,False,33,1.0,3.0,0.182,3.013,21,6
5,False,False,33,1.0,3.0,0.091,2.81,21,5
5,False,False,33,1.0,3.0,0.136,2.848,21,5
5,False,False,33,1.0,3.0,0.045,2.823,21,5
5,False,False,33,1.0,3.0,0.045,2.814,21,5
5,False,False,33,1.0,3.0,0.091,2.935,21,6
5,False,False,33,1.0,3.0,0.136,3.009,21,6
5,False,False,33,1.0,3.0,0.182,2.853,21,5
5,False,False,33,1.0,3.0,0.045,2.814,21,6
5,False,False,33,1.0,3.0,0.091,2.961,21,6
5,False,False,33,1.0,3.0,0.091,2.762,21,5
5,False,False,33,1.0,3.0,0.091,2.823,21,6
5,False,False,33,1.0,3.0,0.136,2.896,21,6
5,False,False,33,1.0,3.0,0.091,2.779,21,5
5,False,False,33,1.0,3.0,0.045,2.758,21,5
5,False,False,33,1.0,3.0,0.045,3.039,21,6
5,False,False,33,1.0,3.0,0.091,2.775,21,6
5,False,False,33,1.0,3.0,0.136,3.043,21,6
5,False,False,33,1.0,3.0,0.091,2.818,21,5
5,False,False,33,1.0,3.0,0.136,2.9,21,6
5,False,False,33,1.0,3.0,0.0,2.788,21,5
5,False,False,33,1.0,3.0,0.045,2.736,21,5
5,False,False,33,1.0,3.0,0.182,3.173,21,6
5,False,False,33,1.0,3.0,0.045,2.758,21,5
5,False,False,33,1.0,3.0,0.091,2.913,21,6
5,False,False,33,1.0,3.0,0.045,2.926,21,6
5,False,False,33,1.0,3.0,0.091,3.312,21,8
5,False,False,33,1.0,3.0,0.091,2.745,21,5
5,False,False,33,1.0,3.0,0.136,3.242,21,7
5,False,False,33,1.0,3.0,0.0,2.74,21,5
5,False,False,33,1.0,3.0,0.045,2.905,21,5
5,False,False,33,1.0,3.0,0.045,2.848,21,5
5,False,False,33,1.0,3.0,0.136,2.978,21,6
5,False,False,33,1.0,3.0,0.045,2.913,21,5
5,False,False,33,1.0,3.0,0.091,2.727,21,5
5,False,True,33,1.0,3.0,0.136,3.147,21,7
5,False,False,33,1.0,3.0,0.091,3.03,21,6
5,False,False,33,1.0,3.0,0.0,2.844,21,5
5,False,False,33,1.0,3.0,0.0,2.9,21,6
5,False,False,33,1.0,3.0,0.091,2.693,21,5
5,False,False,33,1.0,3.0,0.136,2.892,21,6
5,False,False,33,1.0,3.0,0.045,2.693,21,5
5,False,False,33,1.0,3.0,0.0,2.758,21,5
5,False,False,33,1.0,3.0,0.136,2.909,21,5
5,False,False,33,1.0,3.0,0.045,2.84,21,5
5,False,False,33,1.0,3.0,0.136,2.818,21,5
5,False,False,33,1.0,3.0,0.091,2.892,21,6
5,False,False,33,1.0,3.0,0.091,2.961,21,6
5,False,False,33,1.0,3.0,0.045,2.688,21,5
5,False,False,33,1.0,3.0,0.0,2.848,21,5
5,False,False,33,1.0,3.0,0.091,2.861,21,5
5,False,False,33,1.0,3.0,0.091,2.931,21,6
5,False,False,33,1.0,3.0,0.045,2.71,21,5
5,False,False,33,1.0,3.0,0.045,2.996,21,6
5,False,False,33,1.0,3.0,0.091,2.814,21,5
5,False,False,33,1.0,3.0,0.136,3.113,21,6
5,False,False,33,1.0,3.0,0.045,2.745,21,5
5,False,False,33,1.0,3.0,0.091,2.714,21,5
5,False,False,33,1.0,3.0,0.091,3.13,21,6
5,False,False,33,1.0,3.0,0.045,2.671,21,5
5,False,False,33,1.0,3.0,0.182,3.177,21,7
5,False,False,33,1.0,3.0,0.091,2.948,21,6
5,False,False,33,1.0,3.0,0.182,2.848,21,5
5,False,False,33,1.0,3.0,0.091,2.814,21,5
5,False,False,33,1.0,3.0,0.136,2.861,21,6
5,False,False,33,1.0,3.0,0.0,2.68,21,5
5,False,False,33,1.0,3.0,0.0,2.688,21,5
5,False,False,33,1.0,3.0,0.136,2.918,21,5
5,False,False,33,1.0,3.0,0.045,2.922,21,6
5,False,False,33,1.0,3.0,0.091,2.909,21,6
5,False,False,33,1.0,3.0,0.045,2.693,21,5
5,False,False,33,1.0,3.0,0.0,2.788,21,5
5,False,False,33,1.0,3.0,0.045,2.887,21,5
5,False,False,33,1.0,3.0,0.182,2.831,21,5
5,False,False,33,1.0,3.0,0.045,2.892,21,5
5,False,False,33,1.0,3.0,0.227,3.307,21,7
5,False,False,33,1.0,3.0,0.0,2.788,21,5
5,False,False,33,1.0,3.0,0.273,3.043,21,6
5,False,False,33,1.0,3.0,0.091,2.827,21,5
5,False,False,33,1.0,3.0,0.0,2.736,21,5
5,False,False,33,1.0,3.0,0.091,2.723,21,5
5,False,False,33,1.0,3.0,0.091,2.762,21,5
5,False,False,33,1.0,3.0,0.0,2.641,21,4
5,False,False,33,1.0,3.0,0.091,2.745,21,5
5,False,False,33,1.0,3.0,0.091,3.126,21,7
5,False,False,33,1.0,3.0,0.091,2.719,21,5
5,False,False,33,1.0,3.0,0.091,2.792,21,5
5,False,False,33,1.0,3.0,0.045,2.71,21,5
5,False,False,33,1.0,3.0,0.227,3.251,21,7
5,False,False,33,1.0,3.0,0.091,2.835,21,5
5,False,False,33,1.0,3.0,0.136,2.892,21,5
5,False,False,33,1.0,3.0,0.0,2.827,21,5
5,False,False,33,1.0,3.0,0.182,2.913,21,6
5,False,True,33,1.0,3.0,0.273,3.255,21,7
5,False,False,33,1.0,3.0,0.136,2.9,21,5
5,False,False,33,1.0,3.0,0.136,2.831,21,5
5,False,False,33,1.0,3.0,0.0,2.892,21,6
5,False,False,33,1.0,3.0,0.045,2.801,21,5
5,False,False,33,1.0,3.0,0.136,2.814,21,5
5,False,False,33,1.0,3.0,0.091,2.74,21,5
5,False,False,33,1.0,3.0,0.045,2.797,21,5
5,False,False,33,1.0,3.0,0.045,2.883,21,5
5,False,False,33,1.0,3.0,0.136,2.823,21,5
5,False,False,33,1.0,3.0,0.0,2.762,21,5
5,False,False,33,1.0,3.0,0.0,2.848,21,5
5,False,False,33,1.0,3.0,0.182,3.108,21,6
5,False,False,33,1.0,3.0,0.136,2.892,21,5
5,False,False,33,1.0,3.0,0.045,2.87,21,6
5,False,False,33,1.0,3.0,0.136,3.242,21,7
5,False,False,33,1.0,3.0,0.091,2.671,21,5
5,False,False,33,1.0,3.0,0.0,2.853,21,6
5,False,False,33,1.0,3.0,0.0,2.853,21,5
5,False,False,33,1.0,3.0,0.045,2.788,21,5
5,False,False,33,1.0,3.0,0.0,2.623,21,5
5,False,False,33,1.0,3.0,0.136,2.883,21,5
5,False,False,33,1.0,3.0,0.045,2.922,21,6
5,False,False,33,1.0,3.0,0.136,2.81,21,5
5,False,False,33,1.0,3.0,0.091,2.887,21,5
5,False,False,33,1.0,3.0,0.045,2.701,21,5
5,False,False,33,1.0,3.0,0.045,2.892,21,5
5,False,False,33,1.0,3.0,0.091,2.775,21,5
5,False,False,33,1.0,3.0,0.182,2.952,21,6
5,False,False,33,1.0,3.0,0.0,2.74,21,5
5,False,False,33,1.0,3.0,0.045,2.697,21,5
5,False,False,33,1.0,3.0,0.136,2.779,21,5
5,False,False,33,1.0,3.0,0.045,2.671,21,5
5,False,False,33,1.0,3.0,0.045,2.719,21,5
5,False,False,33,1.0,3.0,0.091,2.887,21,6
5,False,False,33,1.0,3.0,0.0,2.853,21,5
5,False,False,33,1.0,3.0,0.091,2.848,21,5
5,False,False,33,1.0,3.0,0.136,2.844,21,6
5,False,False,33,1.0,3.0,0.091,2.926,21,6
5,False,False,33,1.0,3.0,0.136,3.186,21,6
5,False,False,33,1.0,3.0,0.182,3.061,21,6
5,False,False,33,1.0,3.0,0.045,2.861,21,5
5,False,False,33,1.0,3.0,0.045,2.797,21,5
5,False,False,33,1.0,3.0,0.045,2.732,21,5
5,False,False,33,1.0,3.0,0.0,2.74,21,5
5,False,False,33,1.0,3.0,0.091,2.779,21,5
5,False,False,33,1.0,3.0,0.136,2.909,21,5
5,False,False,33,1.0,3.0,0.091,2.857,21,5
5,False,False,33,1.0,3.0,0.091,2.9,21,6
5,False,False,33,1.0,3.0,0.182,3.147,21,7
5,False,False,33,1.0,3.0,0.091,2.896,21,5
5,False,False,33,1.0,3.0,0.045,2.853,21,5
5,False,False,33,1.0,3.0,0.091,2.823,21,5
5,False,False,33,1.0,3.0,0.0,2.649,21,5
5,False,False,33,1.0,3.0,0.045,2.71,21,5
5,False,False,33,1.0,3.0,0.136,2.883,21,5
5,False,False,33,1.0,3.0,0.091,2.965,21,5
5,False,False,33,1.0,3.0,0.136,2.788,21,5
5,False,False,33,1.0,3.0,0.045,2.801,21,5
5,False,False,33,1.0,3.0,0.091,2.835,21,5
5,False,False,33,1.0,3.0,0.045,2.87,21,6
5,False,False,33,1.0,3.0,0.091,2.784,21,5
5,False,False,33,1.0,3.0,0.045,2.823,21,5
5,False,False,33,1.0,3.0,0.045,2.814,21,5
5,False,False,33,1.0,3.0,0.0,2.658,21,5
5,False,False,33,1.0,3.0,0.0,2.641,21,5
5,False,False,33,1.0,3.0,0.0,2.736,21,5
5,False,False,33,1.0,3.0,0.045,2.68,21,5
5,False,False,33,1.0,3.0,0.091,2.835,21,5
5,False,False,33,1.0,3.0,0.091,2.87,21,5
5,False,True,33,1.0,3.0,0.182,3.169,21,6
5,False,False,33,1.0,3.0,0.045,2.719,21,5
5,False,False,33,1.0,3.0,0.045,2.853,21,5
5,False,False,33,1.0,3.0,0.091,2.931,21,6
5,False,False,33,1.0,3.0,0.045,2.797,21,5
5,False,False,33,1.0,3.0,0.045,2.818,21,5
5,False,False,33,1.0,3.0,0.045,2.818,21,5
5,False,False,33,1.0,3.0,0.045,2.632,21,5
5,False,False,33,1.0,3.0,0.091,2.844,21,5
5,False,False,33,1.0,3.0,0.091,2.835,21,5
5,False,False,33,1.0,3.0,0.0,2.766,21,5
5,False,False,33,1.0,3.0,0.0,2.745,21,5
5,False,False,33,1.0,3.0,0.045,2.775,21,5
5,False,False,33,1.0,3.0,0.091,2.745,21,5
5,False,False,33,1.0,3.0,0.045,2.697,21,5
5,False,False,33,1.0,3.0,0.091,2.957,21,6
5,False,False,33,1.0,3.0,0.0,2.645,21,5
5,False,False,33,1.0,3.0,0.045,2.714,21,5
5,False,False,33,1.0,3.0,0.045,2.9,21,6
5,False,False,33,1.0,3.0,0.0,2.909,21,6
5,False,False,33,1.0,3.0,0.091,2.823,21,5
5,False,False,33,1.0,3.0,0.227,3.667,21,9
5,False,False,33,1.0,3.0,0.182,3.065,21,6
5,False,False,33,1.0,3.0,0.0,2.649,21,5
5,False,False,33,1.0,3.0,0.091,2.97,21,6
5,False,False,33,1.0,3.0,0.045,2.775,21,5
5,False,False,33,1.0,3.0,0.091,2.913,21,5
5,False,False,33,1.0,3.0,0.045,2.9,21,6
5,False,False,33,1.0,3.0,0.0,2.775,21,5
5,False,False,33,1.0,3.0,0.136,3.082,21,6
5,False,False,33,1.0,3.0,0.045,2.814,21,5
5,False,False,33,1.0,3.0,0.182,2.974,21,6
5,False,False,33,1.0,3.0,0.045,2.81,21,5
5,False,False,33,1.0,3.0,0.136,2.974,21,6
5,False,False,33,1.0,3.0,0.091,2.758,21,5
5,False,False,33,1.0,3.0,0.136,3.177,21,7
5,False,False,33,1.0,3.0,0.091,2.913,21,6
5,False,False,33,1.0,3.0,0.045,2.835,21,5
5,False,False,33,1.0,3.0,0.045,3.048,21,6
5,False,False,33,1.0,3.0,0.091,2.87,21,5
5,False,False,33,1.0,3.0,0.091,3.048,21,6
5,False,False,33,1.0,3.0,0.091,2.706,21,5
5,False,False,33,1.0,3.0,0.091,2.931,21,6
5,False,False,33,1.0,3.0,0.091,2.944,21,5
5,False,False,33,1.0,3.0,0.136,3.048,21,6
5,False,False,33,1.0,3.0,0.045,2.905,21,5
5,False,False,33,1.0,3.0,0.045,2.723,21,5
5,False,False,33,1.0,3.0,0.045,2.965,21,5
5,False,False,33,1.0,3.0,0.091,2.753,21,5
5,False,False,33,1.0,3.0,0.091,2.853,21,5
5,False,False,33,1.0,3.0,0.0,2.597,21,4
5,False,False,33,1.0,3.0,0.045,2.701,21,5
5,False,False,33,1.0,3.0,0.182,2.978,21,6
5,False,False,33,1.0,3.0,0.136,3.048,21,6
5,False,False,33,1.0,3.0,0.091,2.853,21,5
5,False,False,33,1.0,3.0,0.045,2.779,21,5
5,False,False,33,1.0,3.0,0.091,2.896,21,6
5,False,False,33,1.0,3.0,0.045,2.779,21,5
5,False,True,33,1.0,3.0,0.136,3.022,21,6
5,False,False,33,1.0,3.0,0.045,2.727,21,5
5,False,False,33,1.0,3.0,0.091,3.026,21,6
5,False,False,33,1.0,3.0,0.182,3.009,21,6
5,False,False,33,1.0,3.0,0.091,2.831,21,5
5,False,False,33,1.0,3.0,0.136,2.952,21,6
5,False,False,33,1.0,3.0,0.091,2.801,21,5
5,False,False,33,1.0,3.0,0.091,2.775,21,5
5,False,False,33,1.0,3.0,0.045,2.758,21,5
5,False,False,33,1.0,3.0,0.136,2.814,21,5
5,False,False,33,1.0,3.0,0.091,2.745,21,5
5,False,False,33,1.0,3.0,0.045,2.74,21,5
5,False,False,33,1.0,3.0,0.0,2.758,21,5
5,False,False,33,1.0,3.0,0.045,2.818,21,5
5,False,False,33,1.0,3.0,0.045,2.84,21,5
5,False,False,33,1.0,3.0,0.045,2.736,21,5
5,False,False,33,1.0,3.0,0.091,2.883,21,6
5,False,False,33,1.0,3.0,0.182,2.883,21,6
5,False,False,33,1.0,3.0,0.091,2.74,21,5
5,False,False,33,1.0,3.0,0.136,2.905,21,5
5,False,False,33,1.0,3.0,0.091,2.732,21,5
5,False,False,33,1.0,3.0,0.045,2.853,21,6
5,False,False,33,1.0,3.0,0.045,2.684,21,5
5,False,False,33,1.0,3.0,0.0,2.727,21,5
5,False,False,33,1.0,3.0,0.091,2.775,21,5
5,False,False,33,1.0,3.0,0.045,2.792,21,5
5,False,False,33,1.0,3.0,0.091,2.861,21,5
5,False,True,33,1.0,3.0,0.227,3.71,21,9
5,False,False,33,1.0,3.0,0.136,2.9,21,5
5,False,False,33,1.0,3.0,0.091,2.952,21,6
5,False,False,33,1.0,3.0,0.136,2.931,21,6
5,False,False,33,1.0,3.0,0.045,2.701,21,5
5,False,False,33,1.0,3.0,0.091,2.827,21,5
5,False,False,33,1.0,3.0,0.227,3.455,21,7
5,False,False,33,1.0,3.0,0.136,3.009,21,5
5,False,False,33,1.0,3.0,0.136,3.013,21,6
5,False,False,33,1.0,3.0,0.045,2.758,21,5
5,False,False,33,1.0,3.0,0.182,3.082,21,6
5,False,False,33,1.0,3.0,0.091,2.736,21,5
5,False,False,33,1.0,3.0,0.091,2.909,21,5
5,False,False,33,1.0,3.0,0.091,2.758,21,5
5,False,False,33,1.0,3.0,0.091,2.749,21,5
5,False,False,33,1.0,3.0,0.136,3.134,21,6
5,False,False,33,1.0,3.0,0.136,2.883,21,5
5,False,False,33,1.0,3.0,0.0,2.762,21,5
5,False,False,33,1.0,3.0,0.045,2.823,21,6
5,False,False,33,1.0,3.0,0.182,2.935,21,6
5,False,False,33,1.0,3.0,0.136,2.788,21,5
5,False,False,33,1.0,3.0,0.136,2.918,21,5
5,False,False,33,1.0,3.0,0.136,2.905,21,5
5,False,False,33,1.0,3.0,0.091,2.732,21,5
5,False,False,33,1.0,3.0,0.091,2.788,21,5
5,False,False,33,1.0,3.0,0.045,2.797,21,5
5,False,False,33,1.0,3.0,0.091,2.779,21,5
5,False,False,33,1.0,3.0,0.045,2.848,21,5
5,False,False,33,1.0,3.0,0.182,2.909,21,5
5,False,False,33,1.0,3.0,0.091,3.074,21,6
5,False,False,33,1.0,3.0,0.0,2.584,21,4
5,False,False,33,1.0,3.0,0.136,3.017,21,6
5,False,False,33,1.0,3.0,0.091,3.061,21,6
5,False,False,33,1.0,3.0,0.091,2.667,21,4
5,False,False,33,1.0,3.0,0.0,2.693,21,5
5,False,False,33,1.0,3.0,0.0,2.675,21,5
5,False,False,33,1.0,3.0,0.091,2.991,21,6
5,False,False,33,1.0,3.0,0.091,2.775,21,5
5,False,True,33,1.0,3.0,0.182,3.048,21,6
5,False,False,33,1.0,3.0,0.091,2.831,21,5
5,False,False,33,1.0,3.0,0.045,2.866,21,6
5,False,False,33,1.0,3.0,0.0,2.788,21,5
5,False,False,33,1.0,3.0,0.0,2.628,21,4
5,False,False,33,1.0,3.0,0.045,2.706,21,5
5,False,False,33,1.0,3.0,0.136,2.931,21,5
5,False,False,33,1.0,3.0,0.091,3.009,21,6
5,False,False,33,1.0,3.0,0.045,2.753,21,5
5,False,False,33,1.0,3.0,0.091,2.779,21,5
5,False,False,33,1.0,3.0,0.0,2.675,21,5
5,False,False,33,1.0,3.0,0.045,2.784,21,5
5,False,False,33,1.0,3.0,0.0,2.797,21,5
5,False,False,33,1.0,3.0,0.045,2.697,21,5
5,False,False,33,1.0,3.0,0.0,2.68,21,5
5,False,False,33,1.0,3.0,0.045,2.693,21,5
5,False,False,33,1.0,3.0,0.045,2.866,21,5
5,False,True,33,1.0,3.0,0.182,3.113,21,6
5,False,False,33,1.0,3.0,0.091,2.766,21,5
5,False,False,33,1.0,3.0,0.045,2.732,21,5
5,False,False,33,1.0,3.0,0.091,2.892,21,5
5,False,False,33,1.0,3.0,0.045,2.758,21,5
5,False,False,33,1.0,3.0,0.045,2.714,21,5
5,False,False,33,1.0,3.0,0.045,2.697,21,5
5,False,False,33,1.0,3.0,0.091,2.844,21,5
5,False,False,33,1.0,3.0,0.045,2.753,21,5
5,False,False,33,1.0,3.0,0.091,2.918,21,6
5,False,False,33,1.0,3.0,0.045,2.714,21,5
5,False,False,33,1.0,3.0,0.045,2.771,21,5
5,False,False,33,1.0,3.0,0.045,2.874,21,5
5,False,False,33,1.0,3.0,0.091,2.892,21,5
5,False,False,33,1.0,3.0,0.0,2.818,21,5
5,False,False,33,1.0,3.0,0.091,2.762,21,5
5,False,False,33,1.0,3.0,0.045,2.801,21,5
5,False,False,33,1.0,3.0,0.045,2.939,21,6
5,False,False,33,1.0,3.0,0.0,2.667,21,5
5,False,False,33,1.0,3.0,0.045,2.97,21,5
5,False,False,33,1.0,3.0,0.045,2.827,21,5
5,False,False,33,1.0,3.0,0.091,2.697,21,5
5,False,False,33,1.0,3.0,0.045,2.671,21,5
5,False,False,33,1.0,3.0,0.045,2.818,21,5
5,False,False,33,1.0,3.0,0.045,2.827,21,5
5,False,False,33,1.0,3.0,0.045,2.745,21,5
5,False,False,33,1.0,3.0,0.136,3.26,21,7
5,False,False,33,1.0,3.0,0.227,2.991,21,6
5,False,False,33,1.0,3.0,0.0,2.667,21,5
5,False,False,33,1.0,3.0,0.091,3.004,21,6
5,False,False,33,1.0,3.0,0.091,2.797,21,5
5,False,False,33,1.0,3.0,0.0,2.649,21,5
5,False,False,33,1.0,3.0,0.0,2.58,21,4
5,False,False,33,1.0,3.0,0.0,3.087,21,6
5,False,False,33,1.0,3.0,0.045,2.675,21,5
5,False,False,33,1.0,3.0,0.091,2.853,21,5
5,False,False,33,1.0,3.0,0.136,2.831,21,5
5,False,False,33,1.0,3.0,0.045,2.879,21,6
5,False,False,33,1.0,3.0,0.0,2.693,21,5
5,False,False,33,1.0,3.0,0.091,2.805,21,5
5,False,False,33,1.0,3.0,0.045,2.831,21,5
5,False,False,33,1.0,3.0,0.136,2.948,21,6
5,False,False,33,1.0,3.0,0.091,2.797,21,5
5,False,False,33,1.0,3.0,0.0,2.701,21,5
5,False,False,33,1.0,3.0,0.045,2.714,21,5
5,False,False,33,1.0,3.0,0.091,2.805,21,5
5,False,False,33,1.0,3.0,0.045,2.779,21,5
5,False,False,33,1.0,3.0,0.136,3.061,21,6
5,False,False,33,1.0,3.0,0.182,2.823,21,5
5,False,False,33,1.0,3.0,0.091,3.082,21,7
5,False,False,33,1.0,3.0,0.091,2.866,21,5
5,False,False,33,1.0,3.0,0.0,2.71,21,5
5,False,False,33,1.0,3.0,0.136,2.801,21,5
5,False,False,33,1.0,3.0,0.091,2.97,21,6
5,False,False,33,1.0,3.0,0.091,2.844,21,6
5,False,False,33,1.0,3.0,0.0,2.667,21,5
5,False,False,33,1.0,3.0,0.045,2.84,21,5
5,False,False,33,1.0,3.0,0.045,2.797,21,5
5,False,False,33,1.0,3.0,0.091,2.887,21,5
5,False,False,33,1.0,3.0,0.136,3.515,21,8
5,False,False,33,1.0,3.0,0.136,3.095,21,6
5,False,False,33,1.0,3.0,0.136,2.913,21,5
5,False,False,33,1.0,3.0,0.136,3.251,21,6
5,False,False,33,1.0,3.0,0.182,2.991,21,6
5,False,False,33,1.0,3.0,0.091,2.918,21,5
5,False,False,33,1.0,3.0,0.045,2.675,21,5
5,False,True,33,1.0,3.0,0.182,3.229,21,7
5,False,False,33,1.0,3.0,0.045,2.762,21,5
5,False,False,33,1.0,3.0,0.091,2.753,21,5
5,False,False,33,1.0,3.0,0.0,2.675,21,5
5,False,False,33,1.0,3.0,0.045,2.913,21,6
5,False,False,33,1.0,3.0,0.045,2.762,21,6
5,False,False,33,1.0,3.0,0.045,3.03,21,6
5,False,False,33,1.0,3.0,0.091,2.948,21,6
5,False,False,33,1.0,3.0,0.045,2.736,21,5
5,False,False,33,1.0,3.0,0.182,2.866,21,5
5,False,False,33,1.0,3.0,0.136,2.831,21,5
5,False,False,33,1.0,3.0,0.045,2.801,21,5
5,False,False,33,1.0,3.0,0.045,2.745,21,5
5,False,False,33,1.0,3.0,0.091,2.9,21,5
5,False,False,33,1.0,3.0,0.182,2.853,21,6
5,False,False,33,1.0,3.0,0.045,2.736,21,5
5,False,False,33,1.0,3.0,0.045,2.701,21,5
5,False,False,33,1.0,3.0,0.045,2.952,21,5
5,False,True,33,1.0,3.0,0.273,3.121,21,6
5,False,False,33,1.0,3.0,0.136,3.065,21,6
5,False,False,33,1.0,3.0,0.045,2.983,21,6
5,False,False,33,1.0,3.0,0.136,2.9,21,5
5,False,False,33,1.0,3.0,0.136,2.892,21,5
5,False,False,33,1.0,3.0,0.045,2.771,21,5
5,False,False,33,1.0,3.0,0.136,3.013,21,6
5,False,False,33,1.0,3.0,0.091,2.918,21,6
5,False,False,33,1.0,3.0,0.045,3.0,21,6
5,False,True,33,1.0,3.0,0.091,3.671,21,8
5,False,False,33,1.0,3.0,0.045,3.117,21,7
5,False,False,33,1.0,3.0,0.045,2.749,21,5
5,False,False,33,1.0,3.0,0.0,2.714,21,5
5,False,False,33,1.0,3.0,0.045,2.848,21,6
5,False,False,33,1.0,3.0,0.0,2.784,21,5
5,False,False,33,1.0,3.0,0.045,2.844,21,6
5,False,False,33,1.0,3.0,0.045,2.792,21,5
5,False,False,33,1.0,3.0,0.091,2.81,21,5
5,False,False,33,1.0,3.0,0.091,3.009,21,6
5,False,False,33,1.0,3.0,0.0,2.662,21,5
5,False,False,33,1.0,3.0,0.045,2.814,21,5
5,False,False,33,1.0,3.0,0.136,3.026,21,6
5,False,False,33,1.0,3.0,0.0,2.827,21,5
5,False,False,33,1.0,3.0,0.091,2.775,21,5
5,False,False,33,1.0,3.0,0.091,3.061,21,6
5,False,False,33,1.0,3.0,0.0,2.758,21,5
5,False,False,33,1.0,3.0,0.136,2.823,21,5
5,False,False,33,1.0,3.0,0.0,2.701,21,5
5,False,False,33,1.0,3.0,0.136,2.861,21,6
5,False,False,33,1.0,3.0,0.136,2.823,21,6
5,False,False,33,1.0,3.0,0.091,2.831,21,5
5,False,False,33,1.0,3.0,0.182,2.896,21,5
5,False,False,33,1.0,3.0,0.045,2.701,21,5
5,False,True,33,1.0,3.0,0.182,3.043,21,6
5,False,False,33,1.0,3.0,0.091,2.952,21,6
5,False,False,33,1.0,3.0,0.091,2.918,21,6
5,False,False,33,1.0,3.0,0.045,2.749,21,5
5,False,False,33,1.0,3.0,0.045,2.654,21,5
5,False,False,33,1.0,3.0,0.045,2.732,21,5
5,False,False,33,1.0,3.0,0.045,3.022,21,7
5,False,False,33,1.0,3.0,0.136,2.952,21,6
5,False,False,33,1.0,3.0,0.136,2.931,21,6
5,False,False,33,1.0,3.0,0.045,2.675,21,5
5,False,False,33,1.0,3.0,0.045,2.974,21,6
5,False,False,33,1.0,3.0,0.182,2.935,21,6
5,False,False,33,1.0,3.0,0.136,2.818,21,5
5,False,False,33,1.0,3.0,0.091,2.905,21,6
5,False,False,33,1.0,3.0,0.045,2.883,21,6
5,False,False,33,1.0,3.0,0.0,2.654,21,5
5,False,False,33,1.0,3.0,0.0,3.069,21,6
5,False,False,33,1.0,3.0,0.045,2.706,21,5
5,False,False,33,1.0,3.0,0.227,3.203,21,7
5,False,False,33,1.0,3.0,0.045,2.797,21,5
5,False,False,33,1.0,3.0,0.0,2.758,21,5
5,False,False,33,1.0,3.0,0.091,2.861,21,5
5,False,False,33,1.0,3.0,0.045,3.039,21,6
5,False,False,33,1.0,3.0,0.136,3.078,21,6
5,False,False,33,1.0,3.0,0.091,2.779,21,5
5,False,False,33,1.0,3.0,0.091,2.801,21,5
5,False,False,33,1.0,3.0,0.045,2.874,21,6
5,False,False,33,1.0,3.0,0.091,2.697,21,5
5,False,False,33,1.0,3.0,0.045,2.71,21,5
5,False,False,33,1.0,3.0,0.091,2.792,21,5
5,False,False,33,1.0,3.0,0.091,2.818,21,5
5,False,False,33,1.0,3.0,0.091,2.814,21,5
5,False,False,33,1.0,3.0,0.091,2.9,21,5
5,False,False,33,1.0,3.0,0.0,2.745,21,5
5,False,False,33,1.0,3.0,0.045,2.732,21,5
5,False,False,33,1.0,3.0,0.045,2.801,21,5
5,False,False,33,1.0,3.0,0.0,2.714,21,5
5,False,False,33,1.0,3.0,0.091,2.892,21,5
5,False,False,33,1.0,3.0,0.045,2.827,21,5
5,False,False,33,1.0,3.0,0.091,2.814,21,5
5,False,False,33,1.0,3.0,0.091,2.814,21,5
5,False,False,33,1.0,3.0,0.227,3.134,21,6
5,False,False,33,1.0,3.0,0.045,2.671,21,5
5,False,False,33,1.0,3.0,0.091,2.844,21,5
5,False,False,33,1.0,3.0,0.136,2.805,21,5
5,False,False,33,1.0,3.0,0.136,2.788,21,5
5,False,False,33,1.0,3.0,0.091,2.818,21,5
5,False,False,33,1.0,3.0,0.045,2.896,21,5
5,False,False,33,1.0,3.0,0.045,2.74,21,5
5,False,False,33,1.0,3.0,0.045,2.97,21,6
5,False,False,33,1.0,3.0,0.045,2.887,21,5
5,False,False,33,1.0,3.0,0.136,2.952,21,5
5,False,False,33,1.0,3.0,0.045,2.667,21,5
5,False,False,33,1.0,3.0,0.045,2.727,21,5
5,False,False,33,1.0,3.0,0.091,2.749,21,5
5,False,False,33,1.0,3.0,0.091,3.216,21,7
5,False,False,33,1.0,3.0,0.045,2.654,21,5
5,False,False,33,1.0,3.0,0.0,2.727,21,5
5,False,False,33,1.0,3.0,0.091,2.792,21,5
5,False,False,33,1.0,3.0,0.091,3.177,21,7
5,False,False,33,1.0,3.0,0.136,2.952,21,5
5,False,False,33,1.0,3.0,0.045,2.71,21,5
5,False,False,33,1.0,3.0,0.136,3.095,21,6
5,False,False,33,1.0,3.0,0.045,3.186,21,7
5,False,False,33,1.0,3.0,0.091,2.961,21,6
5,False,False,33,1.0,3.0,0.045,2.801,21,5
5,False,False,33,1.0,3.0,0.045,2.883,21,6
5,False,False,33,1.0,3.0,0.045,2.87,21,6
5,False,False,33,1.0,3.0,0.045,2.823,21,5
5,False,False,33,1.0,3.0,0.136,3.437,21,8
5,False,False,33,1.0,3.0,0.227,2.935,21,6
5,False,False,33,1.0,3.0,0.045,2.805,21,5
5,False,False,33,1.0,3.0,0.182,2.926,21,6
5,False,False,33,1.0,3.0,0.045,2.879,21,6
5,False,False,33,1.0,3.0,0.091,2.784,21,5
5,False,False,33,1.0,3.0,0.136,2.771,21,5
5,False,False,33,1.0,3.0,0.0,2.749,21,5
5,False,False,33,1.0,3.0,0.091,2.805,21,5
5,False,False,33,1.0,3.0,0.182,2.935,21,5
5,False,False,33,1.0,3.0,0.045,2.926,21,5
5,False,False,33,1.0,3.0,0.136,2.896,21,5
5,False,False,33,1.0,3.0,0.091,2.801,21,5
5,False,False,33,1.0,3.0,0.045,2.797,21,5
5,False,False,33,1.0,3.0,0.091,2.853,21,5
5,False,True,33,1.0,3.0,0.182,3.017,21,6
5,False,False,33,1.0,3.0,0.091,2.896,21,5
5,False,False,33,1.0,3.0,0.045,2.792,21,5
5,False,False,33,1.0,3.0,0.045,2.788,21,5
5,False,False,33,1.0,3.0,0.091,2.823,21,5
5,False,False,33,1.0,3.0,0.227,3.182,21,6
5,False,False,33,1.0,3.0,0.045,2.779,21,5
5,False,False,33,1.0,3.0,0.136,2.779,21,5
5,False,False,33,1.0,3.0,0.045,2.835,21,6
5,False,True,33,1.0,3.0,0.273,3.563,21,8
5,False,False,33,1.0,3.0,0.045,2.753,21,5
5,False,False,33,1.0,3.0,0.0,2.879,21,6
5,False,False,33,1.0,3.0,0.045,2.866,21,5
5,False,False,33,1.0,3.0,0.136,2.758,21,5
5,False,False,33,1.0,3.0,0.045,2.784,21,5
5,False,False,33,1.0,3.0,0.091,3.0,21,6
5,False,False,33,1.0,3.0,0.0,2.719,21,5
5,False,False,33,1.0,3.0,0.0,2.827,21,6
5,False,False,33,1.0,3.0,0.0,2.662,21,5
5,False,False,33,1.0,3.0,0.091,2.784,21,5
5,False,False,33,1.0,3.0,0.045,2.788,21,5
5,False,False,33,1.0,3.0,0.091,2.775,21,5
5,False,False,33,1.0,3.0,0.045,3.1,21,6
5,False,True,33,1.0,3.0,0.227,3.195,21,6
5,False,False,33,1.0,3.0,0.136,2.948,21,6
5,False,False,33,1.0,3.0,0.0,2.745,21,5
5,False,False,33,1.0,3.0,0.0,2.831,21,5
5,False,False,33,1.0,3.0,0.091,2.766,21,5
5,False,False,33,1.0,3.0,0.0,2.827,21,5
5,False,False,33,1.0,3.0,0.091,3.091,21,7
5,False,False,33,1.0,3.0,0.227,2.996,21,6
5,False,False,33,1.0,3.0,0.182,2.97,21,5
5,False,False,33,1.0,3.0,0.045,2.827,21,5
5,False,False,33,1.0,3.0,0.0,2.71,21,5
5,False,False,33,1.0,3.0,0.045,2.801,21,5
5,False,False,33,1.0,3.0,0.045,2.71,21,5
5,False,False,33,1.0,3.0,0.0,2.827,21,5
5,False,False,33,1.0,3.0,0.045,2.831,21,5
5,False,False,33,1.0,3.0,0.0,2.792,21,5
5,False,False,33,1.0,3.0,0.0,2.706,21,5
5,False,False,33,1.0,3.0,0.091,3.082,21,6
5,False,False,33,1.0,3.0,0.0,2.636,21,5
5,False,False,33,1.0,3.0,0.0,2.753,21,5
5,False,False,33,1.0,3.0,0.045,2.844,21,5
5,False,False,33,1.0,3.0,0.091,2.84,21,5
5,False,False,33,1.0,3.0,0.045,2.81,21,5
5,False,False,33,1.0,3.0,0.091,2.779,21,5
5,False,False,33,1.0,3.0,0.045,2.745,21,5
5,False,False,33,1.0,3.0,0.045,2.719,21,5
5,False,False,33,1.0,3.0,0.0,2.801,21,5
5,False,False,33,1.0,3.0,0.0,2.853,21,5
5,False,False,33,1.0,3.0,0.136,2.883,21,6
5,False,False,33,1.0,3.0,0.091,2.887,21,5
5,False,False,33,1.0,3.0,0.091,2.654,21,4
5,False,False,33,1.0,3.0,0.045,2.805,21,5
5,False,True,33,1.0,3.0,0.182,3.139,21,7
5,False,False,33,1.0,3.0,0.227,2.983,21,6
5,False,True,33,1.0,3.0,0.182,2.948,21,6
5,False,False,33,1.0,3.0,0.091,2.926,21,6
5,False,False,33,1.0,3.0,0.136,2.97,21,6
5,False,False,33,1.0,3.0,0.045,2.957,21,6
5,False,False,33,1.0,3.0,0.227,3.195,21,6
5,False,False,33,1.0,3.0,0.091,2.874,21,5
5,False,False,33,1.0,3.0,0.091,2.866,21,5
5,False,False,33,1.0,3.0,0.045,2.74,21,5
5,False,False,33,1.0,3.0,0.091,2.974,21,6
5,False,False,33,1.0,3.0,0.136,2.9,21,5
5,False,False,33,1.0,3.0,0.0,2.684,21,5
5,False,False,33,1.0,3.0,0.045,2.766,21,5
5,False,False,33,1.0,3.0,0.136,3.156,21,6
5,False,False,33,1.0,3.0,0.091,2.762,21,5
5,False,False,33,1.0,3.0,0.0,2.675,21,5
5,False,False,33,1.0,3.0,0.091,3.074,21,6
5,False,False,33,1.0,3.0,0.045,2.965,21,6
5,False,False,33,1.0,3.0,0.045,2.892,21,6
5,False,False,33,1.0,3.0,0.136,3.169,21,7
5,False,False,33,1.0,3.0,0.0,2.706,21,5
5,False,False,33,1.0,3.0,0.091,2.848,21,5
5,False,False,33,1.0,3.0,0.0,2.606,21,4
5,False,False,33,1.0,3.0,0.136,3.074,21,6
5,False,False,33,1.0,3.0,0.0,2.688,21,5
5,False,False,33,1.0,3.0,0.136,2.987,21,6
5,False,False,33,1.0,3.0,0.0,2.719,21,5
5,False,False,33,1.0,3.0,0.045,2.961,21,6
5,False,False,33,1.0,3.0,0.182,3.26,21,6
5,False,False,33,1.0,3.0,0.136,2.81,21,5
5,False,False,33,1.0,3.0,0.091,2.922,21,5
5,False,False,33,1.0,3.0,0.045,2.823,21,5
5,False,False,33,1.0,3.0,0.045,2.727,21,5
5,False,False,33,1.0,3.0,0.091,3.048,21,6
5,False,True,33,1.0,3.0,0.182,3.035,21,6
5,False,False,33,1.0,3.0,0.0,2.658,21,5
5,False,False,33,1.0,3.0,0.045,2.874,21,5
5,False,False,33,1.0,3.0,0.136,2.987,21,6
5,False,False,33,1.0,3.0,0.136,2.771,21,5
5,False,True,33,1.0,3.0,0.136,3.165,21,6
5,False,False,33,1.0,3.0,0.136,2.887,21,6
5,False,False,33,1.0,3.0,0.136,2.905,21,6
5,False,False,33,1.0,3.0,0.227,2.987,21,6
5,False,False,33,1.0,3.0,0.045,2.723,21,5
5,False,False,33,1.0,3.0,0.136,2.766,21,5
5,False,False,33,1.0,3.0,0.0,2.818,21,5
5,False,False,33,1.0,3.0,0.0,2.762,21,5
5,False,False,33,1.0,3.0,0.045,2.697,21,5
5,False,False,33,1.0,3.0,0.045,2.931,21,6
5,False,False,33,1.0,3.0,0.045,2.905,21,6
5,False,False,33,1.0,3.0,0.091,2.719,21,5
5,False,False,33,1.0,3.0,0.0,2.784,21,5
5,False,False,33,1.0,3.0,0.045,2.926,21,6
5,False,False,33,1.0,3.0,0.045,2.81,21,5
5,False,False,33,1.0,3.0,0.045,2.792,21,5
5,False,False,33,1.0,3.0,0.045,3.013,21,6
5,False,False,33,1.0,3.0,0.0,2.827,21,5
5,False,False,33,1.0,3.0,0.045,2.723,21,5
5,False,False,33,1.0,3.0,0.091,3.177,21,7
5,False,False,33,1.0,3.0,0.0,2.771,21,5
5,False,False,33,1.0,3.0,0.045,2.861,21,6
5,False,False,33,1.0,3.0,0.136,3.022,21,6
5,False,False,33,1.0,3.0,0.091,2.957,21,6
5,False,False,33,1.0,3.0,0.045,2.792,21,5
5,False,False,33,1.0,3.0,0.045,2.784,21,5
5,False,False,33,1.0,3.0,0.091,2.814,21,5
5,False,False,33,1.0,3.0,0.0,2.771,21,5
5,False,False,33,1.0,3.0,0.091,3.0,21,6
5,False,False,33,1.0,3.0,0.045,2.926,21,6
5,False,False,33,1.0,3.0,0.0,2.81,21,6
5,False,False,33,1.0,3.0,0.045,2.823,21,5
5,False,False,33,1.0,3.0,0.045,2.753,21,5
5,False,False,33,1.0,3.0,0.182,3.039,21,6
5,False,False,33,1.0,3.0,0.091,2.84,21,5
5,False,False,33,1.0,3.0,0.045,2.861,21,5
5,False,False,33,1.0,3.0,0.091,2.775,21,5
5,False,False,33,1.0,3.0,0.091,3.056,21,7
5,False,False,33,1.0,3.0,0.045,2.775,21,5
5,False,False,33,1.0,3.0,0.0,2.784,21,5
5,False,False,33,1.0,3.0,0.045,2.97,21,6
5,False,False,33,1.0,3.0,0.045,2.68,21,5
5,False,False,33,1.0,3.0,0.091,2.753,21,5
5,False,False,33,1.0,3.0,0.045,2.853,21,5
5,False,False,33,1.0,3.0,0.045,2.883,21,6
5,False,False,33,1.0,3.0,0.091,2.874,21,5
5,False,False,33,1.0,3.0,0.045,2.684,21,5
5,False,False,33,1.0,3.0,0.0,2.727,21,5
5,False,False,33,1.0,3.0,0.091,2.905,21,6
5,False,False,33,1.0,3.0,0.0,2.632,21,4
5,False,False,33,1.0,3.0,0.0,2.671,21,5
5,False,False,33,1.0,3.0,0.045,2.831,21,5
5,False,False,33,1.0,3.0,0.136,2.874,21,5
5,False,False,33,1.0,3.0,0.136,2.97,21,6
5,False,False,33,1.0,3.0,0.045,2.719,21,5
5,False,False,33,1.0,3.0,0.091,3.242,21,6
5,False,False,33,1.0,3.0,0.091,2.727,21,5
5,False,False,33,1.0,3.0,0.227,2.931,21,6
5,False,False,33,1.0,3.0,0.182,2.896,21,5
5,False,False,33,1.0,3.0,0.182,3.056,21,6
5,False,False,33,1.0,3.0,0.136,2.784,21,5
5,False,True,33,1.0,3.0,0.136,3.026,21,6
5,False,False,33,1.0,3.0,0.045,2.654,21,5
5,False,False,33,1.0,3.0,0.045,2.84,21,5
5,False,False,33,1.0,3.0,0.0,2.823,21,5
5,False,False,33,1.0,3.0,0.091,2.909,21,6
5,False,False,33,1.0,3.0,0.091,2.81,21,5
5,False,False,33,1.0,3.0,0.045,2.736,21,5
5,False,False,33,1.0,3.0,0.091,3.091,21,6
5,False,False,33,1.0,3.0,0.091,2.753,21,5
5,False,False,33,1.0,3.0,0.045,2.771,21,5
5,False,False,33,1.0,3.0,0.091,2.732,21,5
5,False,False,33,1.0,3.0,0.0,3.208,21,7
5,False,False,33,1.0,3.0,0.0,2.805,21,5
5,False,False,33,1.0,3.0,0.227,2.913,21,5
5,False,False,33,1.0,3.0,0.091,2.961,21,6
5,False,False,33,1.0,3.0,0.045,2.97,21,6
5,False,False,33,1.0,3.0,0.091,2.857,21,5
5,False,False,33,1.0,3.0,0.136,2.961,21,6
5,False,False,33,1.0,3.0,0.045,2.844,21,5
5,False,False,33,1.0,3.0,0.091,2.775,21,5
5,False,False,33,1.0,3.0,0.045,2.749,21,5
5,False,False,33,1.0,3.0,0.045,2.831,21,5
5,False,False,33,1.0,3.0,0.045,2.732,21,5
5,False,False,33,1.0,3.0,0.091,2.97,21,6
5,False,False,33,1.0,3.0,0.045,2.775,21,5
5,False,False,33,1.0,3.0,0.136,2.913,21,5
5,False,False,33,1.0,3.0,0.0,2.835,21,6
5,False,False,33,1.0,3.0,0.045,2.866,21,5
5,False,False,33,1.0,3.0,0.227,3.576,21,8
5,False,False,33,1.0,3.0,0.0,2.714,21,5
5,False,False,33,1.0,3.0,0.091,2.801,21,5
5,False,False,33,1.0,3.0,0.091,3.234,21,7
5,False,False,33,1.0,3.0,0.091,2.823,21,5
5,False,False,33,1.0,3.0,0.091,2.939,21,6
5,False,False,33,1.0,3.0,0.045,2.727,21,5
5,False,False,33,1.0,3.0,0.045,2.892,21,6
5,False,False,33,1.0,3.0,0.0,2.658,21,5
5,False,False,33,1.0,3.0,0.091,2.758,21,5
5,False,False,33,1.0,3.0,0.182,3.091,21,6
5,False,False,33,1.0,3.0,0.091,2.719,21,5
5,False,False,33,1.0,3.0,0.136,2.797,21,5
5,False,True,33,1.0,3.0,0.182,3.203,21,6
5,False,False,33,1.0,3.0,0.091,2.805,21,5
5,False,False,33,1.0,3.0,0.045,2.831,21,5
5,False,False,33,1.0,3.0,0.091,2.732,21,5
5,False,False,33,1.0,3.0,0.0,2.71,21,5
5,False,False,33,1.0,3.0,0.136,2.835,21,5
5,False,False,33,1.0,3.0,0.091,2.931,21,6
5,False,False,33,1.0,3.0,0.045,2.814,21,5
5,False,False,33,1.0,3.0,0.045,2.749,21,5
5,False,False,33,1.0,3.0,0.0,2.749,21,5
5,False,False,33,1.0,3.0,0.0,2.714,21,5
5,False,False,33,1.0,3.0,0.045,2.814,21,5
5,False,False,33,1.0,3.0,0.091,2.727,21,5
5,False,False,33,1.0,3.0,0.136,2.805,21,5
5,False,False,33,1.0,3.0,0.091,2.727,21,5
5,False,False,33,1.0,3.0,0.227,3.169,21,6
5,False,False,33,1.0,3.0,0.045,2.719,21,5
5,False,False,33,1.0,3.0,0.136,2.861,21,6
5,False,False,33,1.0,3.0,0.0,2.697,21,4
5,False,False,33,1.0,3.0,0.0,2.745,21,5
5,False,False,33,1.0,3.0,0.045,2.805,21,6
5,False,False,33,1.0,3.0,0.182,2.948,21,6
5,False,False,33,1.0,3.0,0.0,2.706,21,5
5,False,False,33,1.0,3.0,0.091,2.896,21,6
5,False,False,33,1.0,3.0,0.045,2.805,21,5
5,False,False,33,1.0,3.0,0.091,2.853,21,5
5,False,False,33,1.0,3.0,0.045,2.944,21,6
5,False,False,33,1.0,3.0,0.136,2.944,21,5
5,False,False,33,1.0,3.0,0.182,3.584,21,8
5,False,False,33,1.0,3.0,0.182,2.948,21,5
5,False,False,33,1.0,3.0,0.091,2.792,21,5
5,False,False,33,1.0,3.0,0.045,2.84,21,5
5,False,False,33,1.0,3.0,0.0,2.831,21,6
5,False,False,33,1.0,3.0,0.0,2.736,21,5
5,False,False,33,1.0,3.0,0.045,2.866,21,5
5,False,False,33,1.0,3.0,0.045,2.641,21,4
5,False,False,33,1.0,3.0,0.045,2.779,21,6
5,False,False,33,1.0,3.0,0.091,2.931,21,6
5,False,False,33,1.0,3.0,0.0,2.645,21,5
5,False,False,33,1.0,3.0,0.091,2.771,21,5
5,False,False,33,1.0,3.0,0.091,2.896,21,6
5,False,False,33,1.0,3.0,0.045,2.779,21,5
5,False,False,33,1.0,3.0,0.0,2.719,21,5
5,False,False,33,1.0,3.0,0.091,3.13,21,6
5,False,False,33,1.0,3.0,0.0,2.745,21,5
5,False,False,33,1.0,3.0,0.136,2.935,21,6
5,False,False,33,1.0,3.0,0.091,2.84,21,5
5,False,False,33,1.0,3.0,0.045,2.97,21,6
5,False,False,33,1.0,3.0,0.091,2.779,21,5
5,False,False,33,1.0,3.0,0.091,2.957,21,6
5,False,False,33,1.0,3.0,0.182,2.97,21,6
5,False,False,33,1.0,3.0,0.0,2.749,21,5
5,False,False,33,1.0,3.0,0.091,2.771,21,5
5,False,False,33,1.0,3.0,0.045,2.81,21,5
5,False,False,33,1.0,3.0,0.091,3.104,21,7
5,False,False,33,1.0,3.0,0.182,2.983,21,6
5,False,False,33,1.0,3.0,0.045,2.853,21,6
5,False,False,33,1.0,3.0,0.0,2.693,21,5
5,False,False,33,1.0,3.0,0.091,2.922,21,6
5,False,False,33,1.0,3.0,0.091,2.831,21,6
5,False,False,33,1.0,3.0,0.0,2.818,21,6
5,False,False,33,1.0,3.0,0.045,2.74,21,5
5,False,False,33,1.0,3.0,0.0,2.835,21,5
5,False,True,33,1.0,3.0,0.045,3.13,21,7
5,False,False,33,1.0,3.0,0.045,2.71,21,5
5,False,False,33,1.0,3.0,0.0,2.667,21,5
5,False,False,33,1.0,3.0,0.0,2.736,21,5
5,False,False,33,1.0,3.0,0.0,2.762,21,5
5,False,False,33,1.0,3.0,0.045,2.9,21,5
5,False,False,33,1.0,3.0,0.045,2.784,21,5
5,False,False,33,1.0,3.0,0.136,2.81,21,5
5,False,False,33,1.0,3.0,0.045,2.792,21,5
5,False,False,33,1.0,3.0,0.045,2.662,21,5
5,False,False,33,1.0,3.0,0.045,2.766,21,5
5,False,False,33,1.0,3.0,0.136,2.952,21,6
5,False,False,33,1.0,3.0,0.045,2.71,21,5
5,False,False,33,1.0,3.0,0.0,2.662,21,5
5,False,False,33,1.0,3.0,0.136,2.97,21,6
5,False,False,33,1.0,3.0,0.0,2.879,21,6
5,False,False,33,1.0,3.0,0.091,2.827,21,5
5,False,False,33,1.0,3.0,0.0,2.693,21,5
5,False,False,33,1.0,3.0,0.0,2.797,21,5
5,False,False,33,1.0,3.0,0.091,2.97,21,5
5,False,False,33,1.0,3.0,0.0,2.662,21,4
5,False,False,33,1.0,3.0,0.045,2.766,21,5
5,False,False,33,1.0,3.0,0.0,3.035,21,6
5,False,False,33,1.0,3.0,0.045,2.848,21,5
5,False,False,33,1.0,3.0,0.045,2.818,21,5
5,False,False,33,1.0,3.0,0.091,2.835,21,5
5,False,False,33,1.0,3.0,0.045,2.667,21,5
5,False,False,33,1.0,3.0,0.091,2.701,21,5
5,False,False,33,1.0,3.0,0.091,2.987,21,6
5,False,False,33,1.0,3.0,0.091,2.84,21,5
5,False,False,33,1.0,3.0,0.045,2.848,21,6
5,False,False,33,1.0,3.0,0.045,2.939,21,6
5,False,False,33,1.0,3.0,0.045,2.714,21,5
5,False,True,33,1.0,3.0,0.182,3.117,21,7
5,False,False,33,1.0,3.0,0.091,2.831,21,5
5,False,False,33,1.0,3.0,0.182,2.944,21,5
5,False,False,33,1.0,3.0,0.045,2.896,21,5
5,False,False,33,1.0,3.0,0.0,2.597,21,4
5,False,False,33,1.0,3.0,0.045,2.784,21,5
5,False,False,33,1.0,3.0,0.045,2.714,21,5
5,False,False,33,1.0,3.0,0.136,2.857,21,5
5,False,False,33,1.0,3.0,0.045,2.71,21,5
5,False,False,33,1.0,3.0,0.045,2.723,21,5
5,False,False,33,1.0,3.0,0.091,2.996,21,6
5,False,False,33,1.0,3.0,0.091,2.831,21,5
5,False,False,33,1.0,3.0,0.091,3.104,21,7
5,False,False,33,1.0,3.0,0.091,3.225,21,7
5,False,False,33,1.0,3.0,0.136,2.835,21,5
5,False,False,33,1.0,3.0,0.091,2.844,21,5
5,False,False,33,1.0,3.0,0.136,2.996,21,6
5,False,False,33,1.0,3.0,0.091,2.874,21,5
5,False,False,33,1.0,3.0,0.136,2.771,21,5
5,False,False,33,1.0,3.0,0.045,3.026,21,6
5,False,False,33,1.0,3.0,0.045,2.805,21,6
5,False,False,33,1.0,3.0,0.091,2.827,21,5
5,False,False,33,1.0,3.0,0.045,2.732,21,5
5,False,False,33,1.0,3.0,0.136,3.177,21,7
5,False,False,33,1.0,3.0,0.045,2.831,21,5
5,False,False,33,1.0,3.0,0.091,2.978,21,6
5,False,False,33,1.0,3.0,0.182,3.069,21,6
5,False,False,33,1.0,3.0,0.045,3.121,21,7
5,False,False,33,1.0,3.0,0.045,2.784,21,6
5,False,False,33,1.0,3.0,0.136,3.026,21,6
5,False,False,33,1.0,3.0,0.091,2.784,21,5
5,False,False,33,1.0,3.0,0.091,2.952,21,6
5,False,False,33,1.0,3.0,0.136,2.918,21,6
5,False,False,33,1.0,3.0,0.136,3.238,21,7
5,False,False,33,1.0,3.0,0.045,2.697,21,5
5,False,False,33,1.0,3.0,0.091,2.823,21,5
5,False,False,33,1.0,3.0,0.091,2.771,21,5
5,False,False,33,1.0,3.0,0.136,2.771,21,5
5,False,False,33,1.0,3.0,0.045,2.918,21,6
5,False,False,33,1.0,3.0,0.045,2.693,21,5
5,False,False,33,1.0,3.0,0.091,2.779,21,5
5,False,False,33,1.0,3.0,0.091,2.853,21,5
5,False,False,33,1.0,3.0,0.0,2.753,21,5
5,False,False,33,1.0,3.0,0.045,2.784,21,5
5,False,False,33,1.0,3.0,0.182,2.805,21,5
5,False,True,33,1.0,3.0,0.136,3.056,21,6
5,False,False,33,1.0,3.0,0.136,2.996,21,6
5,False,False,33,1.0,3.0,0.0,2.827,21,5
5,False,False,33,1.0,3.0,0.045,2.749,21,5
5,False,False,33,1.0,3.0,0.091,2.775,21,5
5,False,False,33,1.0,3.0,0.045,2.714,21,5
5,False,True,33,1.0,3.0,0.091,3.087,21,6
5,False,False,33,1.0,3.0,0.136,2.797,21,5
5,False,False,33,1.0,3.0,0.045,2.732,21,5
5,False,False,33,1.0,3.0,0.0,2.727,21,5
5,False,False,33,1.0,3.0,0.091,2.762,21,5
5,False,False,33,1.0,3.0,0.091,2.723,21,5
5,False,False,33,1.0,3.0,0.045,2.831,21,5
5,False,False,33,1.0,3.0,0.136,2.896,21,5
5,False,False,33,1.0,3.0,0.136,3.095,21,7
5,False,False,33,1.0,3.0,0.091,2.892,21,5
5,False,False,33,1.0,3.0,0.091,2.853,21,5
5,False,False,33,1.0,3.0,0.091,2.892,21,6
5,False,False,33,1.0,3.0,0.045,2.823,21,5
5,False,False,33,1.0,3.0,0.0,2.779,21,5
5,False,False,33,1.0,3.0,0.045,2.749,21,5
5,False,False,33,1.0,3.0,0.045,2.874,21,5
5,False,False,33,1.0,3.0,0.136,2.987,21,5
5,False,False,33,1.0,3.0,0.091,2.835,21,5
5,False,False,33,1.0,3.0,0.136,2.758,21,5
5,False,False,33,1.0,3.0,0.045,2.844,21,5
5,False,False,33,1.0,3.0,0.045,2.797,21,5
5,False,False,33,1.0,3.0,0.091,2.965,21,5
5,False,False,33,1.0,3.0,0.091,2.823,21,6
5,False,False,33,1.0,3.0,0.0,2.719,21,5
5,False,False,33,1.0,3.0,0.136,2.931,21,6
5,False,False,33,1.0,3.0,0.136,2.996,21,6
5,False,False,33,1.0,3.0,0.045,2.74,21,5
5,False,False,33,1.0,3.0,0.045,2.684,21,5
5,False,False,33,1.0,3.0,0.136,3.035,21,6
5,False,False,33,1.0,3.0,0.045,2.732,21,5
5,False,False,33,1.0,3.0,0.136,2.779,21,5
5,False,False,33,1.0,3.0,0.136,2.879,21,5
5,False,False,33,1.0,3.0,0.227,2.996,21,6
5,False,False,33,1.0,3.0,0.045,2.74,21,5
5,False,False,33,1.0,3.0,0.045,2.762,21,5
5,False,False,33,1.0,3.0,0.091,2.918,21,5
5,False,True,33,1.0,3.0,0.182,2.996,21,6
5,False,False,33,1.0,3.0,0.091,2.784,21,5
5,False,False,33,1.0,3.0,0.0,2.654,21,4
5,False,False,33,1.0,3.0,0.136,2.939,21,6
5,False,False,33,1.0,3.0,0.045,2.745,21,5
5,False,False,33,1.0,3.0,0.091,2.84,21,6
5,False,False,33,1.0,3.0,0.136,2.87,21,5
5,False,False,33,1.0,3.0,0.045,2.961,21,6
5,False,False,33,1.0,3.0,0.0,2.831,21,5
5,False,False,33,1.0,3.0,0.0,2.74,21,5
5,False,False,33,1.0,3.0,0.0,2.671,21,5
5,False,False,33,1.0,3.0,0.091,2.861,21,5
5,False,False,33,1.0,3.0,0.045,2.771,21,5
5,False,False,33,1.0,3.0,0.0,2.623,21,5
5,False,False,33,1.0,3.0,0.045,2.693,21,5
5,False,False,33,1.0,3.0,0.0,2.671,21,5
5,False,False,33,1.0,3.0,0.0,2.727,21,5
5,False,False,33,1.0,3.0,0.045,2.697,21,5
5,False,False,33,1.0,3.0,0.045,2.701,21,5
5,False,False,33,1.0,3.0,0.045,2.623,21,4
5,False,False,33,1.0,3.0,0.045,2.84,21,5
5,False,False,33,1.0,3.0,0.091,2.87,21,6
5,False,False,33,1.0,3.0,0.0,2.675,21,5
5,False,False,33,1.0,3.0,0.182,3.13,21,6
5,False,False,33,1.0,3.0,0.045,2.697,21,5
5,False,False,33,1.0,3.0,0.091,3.022,21,6
5,False,False,33,1.0,3.0,0.091,2.779,21,5
5,False,False,33,1.0,3.0,0.182,2.918,21,5
5,False,False,33,1.0,3.0,0.136,2.866,21,5
5,False,False,33,1.0,3.0,0.0,2.848,21,5
5,False,False,33,1.0,3.0,0.182,2.831,21,5
5,False,False,33,1.0,3.0,0.091,2.939,21,6
5,False,False,33,1.0,3.0,0.0,2.697,21,5
5,False,True,33,1.0,3.0,0.182,3.186,21,6
5,False,False,33,1.0,3.0,0.091,2.736,21,5
5,False,False,33,1.0,3.0,0.136,2.996,21,6
5,False,False,33,1.0,3.0,0.136,2.939,21,5
5,False,False,33,1.0,3.0,0.091,2.814,21,5
5,False,False,33,1.0,3.0,0.091,2.87,21,5
5,False,False,33,1.0,3.0,0.091,2.762,21,5
5,False,False,33,1.0,3.0,0.091,2.835,21,5
5,False,False,33,1.0,3.0,0.045,2.758,21,5
5,False,False,33,1.0,3.0,0.091,2.978,21,6
5,False,False,33,1.0,3.0,0.136,2.931,21,5
5,False,False,33,1.0,3.0,0.045,2.71,21,5
5,False,False,33,1.0,3.0,0.091,2.762,21,5
5,False,False,33,1.0,3.0,0.045,2.697,21,5
5,False,False,33,1.0,3.0,0.091,2.848,21,5
5,False,False,33,1.0,3.0,0.182,2.892,21,6
5,False,False,33,1.0,3.0,0.136,2.944,21,6
5,False,False,33,1.0,3.0,0.182,2.81,21,5
5,False,False,33,1.0,3.0,0.0,2.667,21,4
5,False,False,33,1.0,3.0,0.091,2.693,21,5
5,False,False,33,1.0,3.0,0.045,2.883,21,5
5,False,False,33,1.0,3.0,0.045,2.68,21,5
5,False,False,33,1.0,3.0,0.045,2.74,21,5
5,False,False,33,1.0,3.0,0.182,3.312,21,7
5,False,False,33,1.0,3.0,0.091,2.831,21,6
5,False,False,33,1.0,3.0,0.091,2.818,21,6
5,False,False,33,1.0,3.0,0.045,2.814,21,5
5,False,False,33,1.0,3.0,0.182,3.065,21,6
5,False,False,33,1.0,3.0,0.091,2.848,21,6
5,False,False,33,1.0,3.0,0.091,2.948,21,6
5,False,False,33,1.0,3.0,0.091,2.714,21,5
5,False,False,33,1.0,3.0,0.045,3.165,21,7
5,False,False,33,1.0,3.0,0.0,2.714,21,5
5,False,False,33,1.0,3.0,0.0,2.844,21,6
5,False,False,33,1.0,3.0,0.091,2.779,21,5
5,False,False,33,1.0,3.0,0.091,3.052,21,6
5,False,False,33,1.0,3.0,0.045,2.775,21,5
5,False,False,33,1.0,3.0,0.091,2.771,21,5
5,False,False,33,1.0,3.0,0.091,2.944,21,5
5,False,False,33,1.0,3.0,0.0,2.719,21,5
5,False,False,33,1.0,3.0,0.045,2.814,21,5
5,False,True,33,1.0,3.0,0.182,3.048,21,6
5,False,False,33,1.0,3.0,0.273,2.97,21,6
5,False,False,33,1.0,3.0,0.045,2.606,21,5
5,False,False,33,1.0,3.0,0.136,2.965,21,6
5,False,False,33,1.0,3.0,0.0,2.719,21,5
5,False,False,33,1.0,3.0,0.0,2.939,21,5
5,False,False,33,1.0,3.0,0.045,2.61,21,4
5,False,False,33,1.0,3.0,0.0,2.749,21,5
5,False,False,33,1.0,3.0,0.045,2.766,21,5
5,False,False,33,1.0,3.0,0.091,2.983,21,6
5,False,False,33,1.0,3.0,0.136,3.1,21,6
5,False,False,33,1.0,3.0,0.091,2.961,21,6
5,False,False,33,1.0,3.0,0.045,2.688,21,5
5,False,False,33,1.0,3.0,0.045,2.684,21,5
5,False,False,33,1.0,3.0,0.136,3.208,21,6
5,False,False,33,1.0,3.0,0.091,2.758,21,5
5,False,False,33,1.0,3.0,0.045,2.766,21,5
5,False,False,33,1.0,3.0,0.136,2.866,21,5
5,False,False,33,1.0,3.0,0.0,2.693,21,5
5,False,False,33,1.0,3.0,0.045,2.965,21,6
5,False,False,33,1.0,3.0,0.045,2.792,21,5
5,False,False,33,1.0,3.0,0.0,2.749,21,5
5,False,False,33,1.0,3.0,0.045,2.823,21,5
5,False,False,33,1.0,3.0,0.045,2.654,21,4
5,False,False,33,1.0,3.0,0.136,2.823,21,5
5,False,False,33,1.0,3.0,0.045,2.922,21,6
5,False,False,33,1.0,3.0,0.136,3.117,21,7
5,False,False,33,1.0,3.0,0.136,2.926,21,6
5,False,False,33,1.0,3.0,0.045,2.805,21,5
5,False,False,33,1.0,3.0,0.0,2.81,21,5
5,False,False,33,1.0,3.0,0.136,2.952,21,6
5,False,False,33,1.0,3.0,0.091,2.879,21,6
5,False,False,33,1.0,3.0,0.091,2.823,21,5
5,False,False,33,1.0,3.0,0.045,2.749,21,5
5,False,False,33,1.0,3.0,0.045,2.684,21,5
5,False,False,33,1.0,3.0,0.136,2.948,21,6
5,False,False,33,1.0,3.0,0.091,2.81,21,5
5,False,False,33,1.0,3.0,0.045,2.697,21,5
5,False,False,33,1.0,3.0,0.045,2.861,21,6
5,False,False,33,1.0,3.0,0.091,2.874,21,6
5,False,False,33,1.0,3.0,0.0,2.671,21,4
5,False,True,33,1.0,3.0,0.318,3.424,21,7
5,False,False,33,1.0,3.0,0.182,3.074,21,6
5,False,True,33,1.0,3.0,0.227,3.398,21,8
5,False,False,33,1.0,3.0,0.0,2.667,21,5
5,False,False,33,1.0,3.0,0.091,2.706,21,5
5,False,False,33,1.0,3.0,0.0,2.736,21,5
5,False,False,33,1.0,3.0,0.091,2.797,21,5
5,False,False,33,1.0,3.0,0.045,2.775,21,5
5,False,False,33,1.0,3.0,0.227,3.403,21,7
5,False,False,33,1.0,3.0,0.182,3.494,21,8
5,False,False,33,1.0,3.0,0.091,2.714,21,5
5,False,False,33,1.0,3.0,0.045,2.909,21,6
5,False,False,33,1.0,3.0,0.091,3.126,21,6
5,False,False,33,1.0,3.0,0.136,2.87,21,6
5,False,False,33,1.0,3.0,0.0,2.701,21,5
5,False,False,33,1.0,3.0,0.045,2.775,21,5
5,False,False,33,1.0,3.0,0.136,2.788,21,5
5,False,False,33,1.0,3.0,0.182,3.429,21,7
5,False,False,33,1.0,3.0,0.136,2.823,21,5
5,False,False,33,1.0,3.0,0.182,2.896,21,5
5,False,False,33,1.0,3.0,0.136,3.242,21,7
5,False,False,33,1.0,3.0,0.0,2.706,21,5
5,False,False,33,1.0,3.0,0.136,3.1,21,6
5,False,False,33,1.0,3.0,0.091,2.74,21,5
5,False,False,33,1.0,3.0,0.136,2.896,21,5
5,False,False,33,1.0,3.0,0.045,2.814,21,5
5,False,False,33,1.0,3.0,0.0,2.771,21,5
5,False,False,33,1.0,3.0,0.227,3.329,21,7
5,False,False,33,1.0,3.0,0.045,2.779,21,5
5,False,False,33,1.0,3.0,0.091,2.792,21,5
5,False,False,33,1.0,3.0,0.091,2.853,21,5
5,False,False,33,1.0,3.0,0.045,2.736,21,5
5,False,False,33,1.0,3.0,0.182,3.329,21,8
5,False,False,33,1.0,3.0,0.045,2.667,21,5
5,False,False,33,1.0,3.0,0.045,2.926,21,6
5,False,False,33,1.0,3.0,0.136,2.935,21,6
5,False,False,33,1.0,3.0,0.136,2.861,21,6
5,False,False,33,1.0,3.0,0.045,2.814,21,5
5,False,False,33,1.0,3.0,0.0,2.736,21,5
5,False,False,33,1.0,3.0,0.0,2.623,21,4
5,False,False,33,1.0,3.0,0.091,3.082,21,6
5,False,False,33,1.0,3.0,0.182,3.069,21,6
5,False,False,33,1.0,3.0,0.136,2.922,21,5
5,False,True,33,1.0,3.0,0.227,3.199,21,7
5,False,False,33,1.0,3.0,0.182,2.939,21,6
5,False,False,33,1.0,3.0,0.091,2.879,21,5
5,False,True,33,1.0,3.0,0.227,3.364,21,7
5,False,False,33,1.0,3.0,0.045,2.844,21,6
5,False,False,33,1.0,3.0,0.136,2.848,21,5
5,False,False,33,1.0,3.0,0.182,2.931,21,6
5,False,False,33,1.0,3.0,0.091,2.848,21,6
5,False,False,33,1.0,3.0,0.091,2.926,21,5
5,False,False,33,1.0,3.0,0.0,2.675,21,5
5,False,False,33,1.0,3.0,0.045,2.9,21,6
5,False,False,33,1.0,3.0,0.091,2.706,21,4
5,False,False,33,1.0,3.0,0.136,2.805,21,5
5,False,False,33,1.0,3.0,0.045,2.723,21,5
5,False,False,33,1.0,3.0,0.182,2.866,21,5
5,False,False,33,1.0,3.0,0.045,2.693,21,5
5,False,False,33,1.0,3.0,0.045,2.706,21,5
5,False,False,33,1.0,3.0,0.045,2.978,21,5
5,False,False,33,1.0,3.0,0.091,2.835,21,5
5,False,False,33,1.0,3.0,0.045,2.801,21,5
5,False,False,33,1.0,3.0,0.182,2.887,21,5
5,False,False,33,1.0,3.0,0.136,3.039,21,6
5,False,False,33,1.0,3.0,0.045,2.896,21,5
5,False,False,33,1.0,3.0,0.136,2.983,21,6
5,False,False,33,1.0,3.0,0.182,2.84,21,5
5,False,False,33,1.0,3.0,0.136,2.965,21,6
5,False,False,33,1.0,3.0,0.182,2.952,21,6
5,False,False,33,1.0,3.0,0.045,2.771,21,5
5,False,False,33,1.0,3.0,0.045,2.81,21,5
5,False,False,33,1.0,3.0,0.0,2.835,21,5
5,False,False,33,1.0,3.0,0.091,2.883,21,6
5,False,False,33,1.0,3.0,0.091,2.823,21,5
5,False,False,33,1.0,3.0,0.045,2.788,21,5
5,False,False,33,1.0,3.0,0.045,2.879,21,5
5,False,False,33,1.0,3.0,0.091,3.095,21,6
5,False,False,33,1.0,3.0,0.045,2.905,21,6
5,False,False,33,1.0,3.0,0.091,2.853,21,5
5,False,False,33,1.0,3.0,0.045,2.827,21,6
5,False,False,33,1.0,3.0,0.136,2.857,21,5
5,False,True,33,1.0,3.0,0.182,3.186,21,6
5,False,False,33,1.0,3.0,0.136,2.857,21,5
5,False,False,33,1.0,3.0,0.045,2.753,21,5
5,False,False,33,1.0,3.0,0.136,2.913,21,6
5,False,False,33,1.0,3.0,0.045,2.84,21,6
5,False,False,33,1.0,3.0,0.091,2.844,21,5
5,False,False,33,1.0,3.0,0.136,2.835,21,5
5,False,False,33,1.0,3.0,0.0,2.701,21,5
5,False,False,33,1.0,3.0,0.091,2.758,21,5
5,False,False,33,1.0,3.0,0.0,2.675,21,5
5,False,False,33,1.0,3.0,0.136,2.848,21,6
5,False,False,33,1.0,3.0,0.091,2.784,21,5
5,False,True,33,1.0,3.0,0.136,2.944,21,6
5,False,False,33,1.0,3.0,0.182,2.892,21,5
5,False,False,33,1.0,3.0,0.091,2.866,21,5
5,False,False,33,1.0,3.0,0.091,2.818,21,5
5,False,False,33,1.0,3.0,0.045,2.827,21,5
5,False,False,33,1.0,3.0,0.045,2.732,21,5
5,False,False,33,1.0,3.0,0.091,2.983,21,6
5,False,True,33,1.0,3.0,0.136,3.42,21,8
5,False,False,33,1.0,3.0,0.0,2.649,21,4
5,False,True,33,1.0,3.0,0.136,3.048,21,6
5,False,False,33,1.0,3.0,0.091,2.887,21,6
5,False,False,33,1.0,3.0,0.091,2.913,21,6
5,False,False,33,1.0,3.0,0.136,2.987,21,6
5,False,False,33,1.0,3.0,0.045,2.801,21,5
5,False,False,33,1.0,3.0,0.045,2.823,21,6
5,False,False,33,1.0,3.0,0.045,2.883,21,5
5,False,False,33,1.0,3.0,0.136,2.818,21,5
5,False,False,33,1.0,3.0,0.091,3.039,21,7
5,False,False,33,1.0,3.0,0.182,3.117,21,6
5,False,False,33,1.0,3.0,0.182,3.022,21,6
5,False,False,33,1.0,3.0,0.045,2.758,21,5
5,False,False,33,1.0,3.0,0.0,2.654,21,5
5,False,False,33,1.0,3.0,0.091,2.827,21,5
5,False,False,33,1.0,3.0,0.091,2.749,21,5
5,False,False,33,1.0,3.0,0.0,2.645,21,4
5,False,False,33,1.0,3.0,0.0,2.853,21,5
5,False,False,33,1.0,3.0,0.045,2.684,21,5
5,False,False,33,1.0,3.0,0.136,2.84,21,5
5,False,False,33,1.0,3.0,0.136,3.026,21,6
5,False,False,33,1.0,3.0,0.045,2.805,21,5
5,False,False,33,1.0,3.0,0.045,2.706,21,5
5,False,False,33,1.0,3.0,0.0,2.736,21,5
5,False,False,33,1.0,3.0,0.045,2.671,21,5
5,False,False,33,1.0,3.0,0.045,2.727,21,5
5,False,False,33,1.0,3.0,0.045,2.675,21,5
5,False,False,33,1.0,3.0,0.045,2.723,21,5
5,False,False,33,1.0,3.0,0.091,2.844,21,5
5,False,False,33,1.0,3.0,0.0,2.714,21,5
5,False,False,33,1.0,3.0,0.136,3.061,21,6
5,False,False,33,1.0,3.0,0.091,3.017,21,6
5,False,False,33,1.0,3.0,0.045,2.723,21,5
5,False,False,33,1.0,3.0,0.182,2.905,21,5
5,False,False,33,1.0,3.0,0.0,2.654,21,4
5,False,False,33,1.0,3.0,0.136,3.16,21,7
5,False,False,33,1.0,3.0,0.045,3.139,21,7
5,False,False,33,1.0,3.0,0.091,2.913,21,5
5,False,False,33,1.0,3.0,0.0,2.667,21,5
5,False,False,33,1.0,3.0,0.136,3.195,21,7
5,False,False,33,1.0,3.0,0.182,3.1,21,6
5,False,False,33,1.0,3.0,0.045,2.896,21,5
5,False,False,33,1.0,3.0,0.045,2.905,21,6
5,False,False,33,1.0,3.0,0.045,2.918,21,6
5,False,False,33,1.0,3.0,0.045,2.784,21,6
5,False,False,33,1.0,3.0,0.091,2.719,21,5
5,False,False,33,1.0,3.0,0.045,2.762,21,5
5,False,False,33,1.0,3.0,0.091,2.931,21,5
5,False,False,33,1.0,3.0,0.091,2.883,21,5
5,False,False,33,1.0,3.0,0.182,3.017,21,6
5,False,False,33,1.0,3.0,0.091,2.831,21,5
5,False,False,33,1.0,3.0,0.182,2.974,21,6
5,False,True,33,1.0,3.0,0.227,3.212,21,6
5,False,False,33,1.0,3.0,0.045,2.775,21,5
5,False,False,33,1.0,3.0,0.045,2.801,21,5
5,False,False,33,1.0,3.0,0.136,2.835,21,6
5,False,False,33,1.0,3.0,0.091,2.931,21,5
5,False,False,33,1.0,3.0,0.0,2.623,21,4
5,False,False,33,1.0,3.0,0.045,2.965,21,5
5,False,False,33,1.0,3.0,0.091,2.732,21,5
5,False,False,33,1.0,3.0,0.045,2.758,21,5
5,False,False,33,1.0,3.0,0.0,2.931,21,5
5,False,False,33,1.0,3.0,0.091,2.675,21,5
5,False,False,33,1.0,3.0,0.091,2.931,21,6
5,False,False,33,1.0,3.0,0.045,2.71,21,5
5,False,False,33,1.0,3.0,0.091,2.879,21,5
5,False,False,33,1.0,3.0,0.045,2.723,21,5
5,False,False,33,1.0,3.0,0.0,2.645,21,5
5,False,False,33,1.0,3.0,0.182,3.442,21,8
5,False,False,33,1.0,3.0,0.045,2.758,21,5
5,False,False,33,1.0,3.0,0.045,2.775,21,5
5,False,False,33,1.0,3.0,0.136,2.801,21,5
5,False,False,33,1.0,3.0,0.045,2.801,21,5
5,False,False,33,1.0,3.0,0.045,2.835,21,5
5,False,False,33,1.0,3.0,0.045,2.784,21,5
5,False,False,33,1.0,3.0,0.045,2.848,21,5
5,False,False,33,1.0,3.0,0.136,3.03,21,6
5,False,False,33,1.0,3.0,0.0,2.74,21,5
5,False,False,33,1.0,3.0,0.045,2.991,21,6
5,False,False,33,1.0,3.0,0.0,2.706,21,5
5,False,False,33,1.0,3.0,0.091,2.801,21,5
5,False,False,33,1.0,3.0,0.0,2.779,21,5
5,False,False,33,1.0,3.0,0.045,2.844,21,5
5,False,False,33,1.0,3.0,0.091,2.736,21,5
5,False,False,33,1.0,3.0,0.091,2.81,21,5
5,False,False,33,1.0,3.0,0.045,2.745,21,5
5,False,False,33,1.0,3.0,0.091,2.879,21,5
5,False,False,33,1.0,3.0,0.045,2.97,21,5
5,False,False,33,1.0,3.0,0.045,2.918,21,6
5,False,False,33,1.0,3.0,0.091,2.983,21,6
5,False,False,33,1.0,3.0,0.0,2.866,21,6
5,False,False,33,1.0,3.0,0.091,2.727,21,5
5,False,False,33,1.0,3.0,0.091,2.688,21,5
5,False,False,33,1.0,3.0,0.091,2.835,21,5
5,False,False,33,1.0,3.0,0.091,2.935,21,5
5,False,False,33,1.0,3.0,0.091,2.81,21,5
5,False,False,33,1.0,3.0,0.045,2.732,21,5
5,False,False,33,1.0,3.0,0.091,2.701,21,5
5,False,False,33,1.0,3.0,0.091,2.749,21,5
5,False,False,33,1.0,3.0,0.045,2.727,21,5
5,False,False,33,1.0,3.0,0.136,2.957,21,6
5,False,False,33,1.0,3.0,0.182,2.931,21,5
5,False,False,33,1.0,3.0,0.227,3.082,21,6
5,False,False,33,1.0,3.0,0.136,2.991,21,6
5,False,False,33,1.0,3.0,0.091,2.853,21,6
5,False,False,33,1.0,3.0,0.091,2.844,21,5
5,False,False,33,1.0,3.0,0.091,2.879,21,5
5,False,False,33,1.0,3.0,0.045,2.779,21,5
5,False,False,33,1.0,3.0,0.091,2.74,21,5
5,False,False,33,1.0,3.0,0.045,2.697,21,5
5,False,False,33,1.0,3.0,0.136,3.03,21,6
5,False,False,33,1.0,3.0,0.0,2.636,21,5
5,False,False,33,1.0,3.0,0.045,2.792,21,5
5,False,False,33,1.0,3.0,0.182,3.351,21,7
5,False,False,33,1.0,3.0,0.0,2.662,21,5
5,False,False,33,1.0,3.0,0.136,3.035,21,6
5,False,False,33,1.0,3.0,0.136,2.861,21,5
5,False,False,33,1.0,3.0,0.227,3.0,21,6
5,False,False,33,1.0,3.0,0.091,2.827,21,5
5,False,True,33,1.0,3.0,0.136,3.03,21,6
5,False,False,33,1.0,3.0,0.045,2.835,21,6
5,False,False,33,1.0,3.0,0.045,2.766,21,5
5,False,False,33,1.0,3.0,0.045,2.866,21,5
5,False,False,33,1.0,3.0,0.045,2.762,21,5
5,False,False,33,1.0,3.0,0.045,2.727,21,5
5,False,False,33,1.0,3.0,0.045,2.667,21,5
5,False,False,33,1.0,3.0,0.182,2.784,21,5
5,False,False,33,1.0,3.0,0.091,3.065,21,6
5,False,False,33,1.0,3.0,0.045,2.68,21,5
5,False,False,33,1.0,3.0,0.0,2.693,21,5
5,False,False,33,1.0,3.0,0.136,2.861,21,6
5,False,False,33,1.0,3.0,0.045,2.745,21,5
5,False,False,33,1.0,3.0,0.0,3.052,21,6
5,False,False,33,1.0,3.0,0.045,2.814,21,6
5,False,False,33,1.0,3.0,0.091,2.818,21,5
5,False,False,33,1.0,3.0,0.0,2.641,21,5
5,False,False,33,1.0,3.0,0.091,2.965,21,5
5,False,False,33,1.0,3.0,0.045,2.805,21,6
5,False,False,33,1.0,3.0,0.045,3.069,21,6
5,False,False,33,1.0,3.0,0.136,2.784,21,5
5,False,False,33,1.0,3.0,0.182,2.965,21,6
5,False,False,33,1.0,3.0,0.091,2.874,21,5
5,False,False,33,1.0,3.0,0.091,2.835,21,6
5,False,False,33,1.0,3.0,0.045,2.688,21,4
5,False,False,33,1.0,3.0,0.045,2.805,21,5
5,False,False,33,1.0,3.0,0.045,2.671,21,5
5,False,False,33,1.0,3.0,0.045,2.723,21,5
5,False,False,33,1.0,3.0,0.0,2.883,21,5
5,False,False,33,1.0,3.0,0.136,2.948,21,6
5,False,False,33,1.0,3.0,0.045,2.827,21,5
5,False,False,33,1.0,3.0,0.045,2.74,21,5
5,False,False,33,1.0,3.0,0.091,2.987,21,6
5,False,False,33,1.0,3.0,0.182,2.931,21,5
5,False,False,33,1.0,3.0,0.091,2.758,21,5
5,False,False,33,1.0,3.0,0.091,2.727,21,5
5,False,False,33,1.0,3.0,0.091,2.918,21,6
5,False,False,33,1.0,3.0,0.045,2.883,21,6
5,False,False,33,1.0,3.0,0.091,2.9,21,6
5,False,False,33,1.0,3.0,0.0,2.831,21,5
5,False,False,33,1.0,3.0,0.0,3.0,21,6
5,False,False,33,1.0,3.0,0.182,3.056,21,6
5,False,False,33,1.0,3.0,0.045,2.87,21,6
5,False,False,33,1.0,3.0,0.045,2.714,21,5
5,False,False,33,1.0,3.0,0.045,2.823,21,5
5,False,False,33,1.0,3.0,0.045,2.641,21,4
5,False,False,33,1.0,3.0,0.091,2.84,21,5
5,False,False,33,1.0,3.0,0.182,3.004,21,5
5,False,False,33,1.0,3.0,0.0,2.745,21,5
5,False,False,33,1.0,3.0,0.091,2.727,21,5
5,False,False,33,1.0,3.0,0.091,2.784,21,5
5,False,False,33,1.0,3.0,0.045,2.844,21,5
5,False,False,33,1.0,3.0,0.045,2.753,21,5
5,False,False,33,1.0,3.0,0.091,2.926,21,5
5,False,False,33,1.0,3.0,0.091,2.831,21,5
5,False,False,33,1.0,3.0,0.045,2.736,21,5
5,False,False,33,1.0,3.0,0.136,2.892,21,5
5,False,False,33,1.0,3.0,0.045,2.866,21,6
5,False,False,33,1.0,3.0,0.136,3.0,21,6
5,False,False,33,1.0,3.0,0.045,2.719,21,5
5,False,False,33,1.0,3.0,0.091,3.056,21,6
5,False,False,33,1.0,3.0,0.091,2.944,21,6
5,False,False,33,1.0,3.0,0.091,2.736,21,5
5,False,False,33,1.0,3.0,0.136,3.022,21,6
5,False,False,33,1.0,3.0,0.045,2.831,21,5
5,False,False,33,1.0,3.0,0.0,2.788,21,5
5,False,False,33,1.0,3.0,0.091,2.788,21,5
5,False,False,33,1.0,3.0,0.045,2.909,21,6
5,False,False,33,1.0,3.0,0.045,2.805,21,5
5,False,False,33,1.0,3.0,0.0,2.736,21,5
5,False,False,33,1.0,3.0,0.045,2.697,21,5
5,False,False,33,1.0,3.0,0.045,2.887,21,5
5,False,False,33,1.0,3.0,0.136,2.753,21,5
5,False,False,33,1.0,3.0,0.045,2.84,21,6
5,False,False,33,1.0,3.0,0.136,2.926,21,6
5,False,False,33,1.0,3.0,0.273,3.13,21,6
5,False,False,33,1.0,3.0,0.045,2.831,21,6
5,False,False,33,1.0,3.0,0.227,3.13,21,6
5,False,False,33,1.0,3.0,0.045,2.818,21,5
5,False,False,33,1.0,3.0,0.091,2.931,21,6
5,False,True,33,1.0,3.0,0.136,3.307,21,7
5,False,False,33,1.0,3.0,0.045,2.784,21,5
5,False,False,33,1.0,3.0,0.091,2.983,21,6
5,False,False,33,1.0,3.0,0.0,2.623,21,4
5,False,False,33,1.0,3.0,0.045,2.939,21,6
5,False,False,33,1.0,3.0,0.182,2.926,21,5
5,False,False,33,1.0,3.0,0.045,2.887,21,5
5,False,False,33,1.0,3.0,0.045,2.823,21,6
5,False,False,33,1.0,3.0,0.0,2.714,21,5
5,False,False,33,1.0,3.0,0.136,2.97,21,6
5,False,False,33,1.0,3.0,0.091,2.797,21,6
5,False,False,33,1.0,3.0,0.0,2.71,21,5
5,False,False,33,1.0,3.0,0.0,2.662,21,5
5,False,False,33,1.0,3.0,0.0,2.883,21,6
5,False,False,33,1.0,3.0,0.136,3.113,21,6
5,False,False,33,1.0,3.0,0.182,3.026,21,6
5,False,False,33,1.0,3.0,0.136,2.892,21,6
5,False,False,33,1.0,3.0,0.136,2.939,21,6
5,False,False,33,1.0,3.0,0.091,2.688,21,4
5,False,False,33,1.0,3.0,0.091,2.727,21,5
5,False,False,33,1.0,3.0,0.0,2.723,21,5
5,False,False,33,1.0,3.0,0.136,2.887,21,5
5,False,False,33,1.0,3.0,0.136,3.026,21,5
5,False,False,33,1.0,3.0,0.045,2.81,21,5
5,False,False,33,1.0,3.0,0.136,2.887,21,5
5,False,False,33,1.0,3.0,0.136,2.965,21,6
5,False,False,33,1.0,3.0,0.091,2.732,21,5
5,False,False,33,1.0,3.0,0.045,2.71,21,5
5,False,False,33,1.0,3.0,0.045,2.883,21,5
5,False,False,33,1.0,3.0,0.136,2.909,21,5
5,False,False,33,1.0,3.0,0.045,2.749,21,5
5,False,False,33,1.0,3.0,0.045,2.71,21,5
5,False,False,33,1.0,3.0,0.0,2.736,21,5
5,False,False,33,1.0,3.0,0.045,2.706,21,5
5,False,False,33,1.0,3.0,0.045,3.004,21,6
5,False,False,33,1.0,3.0,0.0,2.619,21,5
5,False,False,33,1.0,3.0,0.0,2.745,21,5
5,False,False,33,1.0,3.0,0.227,3.381,21,7
5,False,False,33,1.0,3.0,0.0,2.71,21,4
5,False,False,33,1.0,3.0,0.091,2.918,21,6
5,False,False,33,1.0,3.0,0.091,3.03,21,6
5,False,False,33,1.0,3.0,0.136,2.926,21,5
5,False,False,33,1.0,3.0,0.136,2.866,21,5
5,False,False,33,1.0,3.0,0.0,2.645,21,5
5,False,False,33,1.0,3.0,0.0,2.636,21,5
5,False,False,33,1.0,3.0,0.136,2.81,21,5
5,False,False,33,1.0,3.0,0.091,2.814,21,6
5,False,False,33,1.0,3.0,0.091,2.792,21,5
5,False,False,33,1.0,3.0,0.045,2.779,21,5
5,False,False,33,1.0,3.0,0.091,2.944,21,6
5,False,False,33,1.0,3.0,0.0,2.701,21,5
5,False,False,33,1.0,3.0,0.091,2.87,21,6
5,False,False,33,1.0,3.0,0.045,2.848,21,5
5,False,False,33,1.0,3.0,0.0,2.762,21,5
5,False,False,33,1.0,3.0,0.0,2.909,21,5
5,False,False,33,1.0,3.0,0.136,3.1,21,6
5,False,False,33,1.0,3.0,0.0,2.736,21,5
5,False,False,33,1.0,3.0,0.091,2.97,21,6
5,False,False,33,1.0,3.0,0.136,2.939,21,6
5,False,False,33,1.0,3.0,0.091,3.061,21,6
5,False,False,33,1.0,3.0,0.182,3.095,21,6
5,False,False,33,1.0,3.0,0.045,2.896,21,6
5,False,False,33,1.0,3.0,0.091,2.727,21,5
5,False,False,33,1.0,3.0,0.045,2.874,21,6
5,False,False,33,1.0,3.0,0.136,3.009,21,6
5,False,False,33,1.0,3.0,0.045,2.788,21,5
5,False,False,33,1.0,3.0,0.091,3.009,21,6
5,False,False,33,1.0,3.0,0.0,2.84,21,5
5,False,False,33,1.0,3.0,0.136,2.935,21,6
5,False,False,33,1.0,3.0,0.091,2.835,21,6
5,False,False,33,1.0,3.0,0.045,2.965,21,6
5,False,False,33,1.0,3.0,0.182,3.113,21,6
5,False,False,33,1.0,3.0,0.136,2.974,21,6
5,False,False,33,1.0,3.0,0.045,2.693,21,5
5,False,False,33,1.0,3.0,0.091,2.662,21,5
5,False,False,33,1.0,3.0,0.045,2.831,21,6
5,False,False,33,1.0,3.0,0.045,2.732,21,5
5,False,False,33,1.0,3.0,0.091,2.879,21,5
5,False,False,33,1.0,3.0,0.227,2.939,21,5
5,False,False,33,1.0,3.0,0.091,3.104,21,7
5,False,False,33,1.0,3.0,0.136,2.827,21,5
5,False,False,33,1.0,3.0,0.045,2.883,21,6
5,False,False,33,1.0,3.0,0.182,3.017,21,6
5,False,True,33,1.0,3.0,0.273,3.225,21,7
5,False,True,33,1.0,3.0,0.182,3.108,21,7
5,False,False,33,1.0,3.0,0.045,2.844,21,6
5,False,False,33,1.0,3.0,0.045,2.749,21,5
5,False,False,33,1.0,3.0,0.091,2.775,21,5
5,False,False,33,1.0,3.0,0.045,2.719,21,5
5,False,False,33,1.0,3.0,0.045,3.069,21,6
5,False,False,33,1.0,3.0,0.0,2.792,21,5
5,False,False,33,1.0,3.0,0.182,2.97,21,5
5,False,False,33,1.0,3.0,0.0,2.697,21,5
5,False,False,33,1.0,3.0,0.045,2.714,21,5
5,False,False,33,1.0,3.0,0.091,2.857,21,5
5,False,False,33,1.0,3.0,0.182,3.035,21,6
5,False,False,33,1.0,3.0,0.0,2.831,21,5
5,False,False,33,1.0,3.0,0.136,2.991,21,6
5,False,False,33,1.0,3.0,0.136,2.948,21,6
5,False,False,33,1.0,3.0,0.091,2.853,21,5
5,False,False,33,1.0,3.0,0.045,2.784,21,5
5,False,False,33,1.0,3.0,0.136,2.853,21,5
5,False,False,33,1.0,3.0,0.045,2.831,21,6
5,False,False,33,1.0,3.0,0.091,2.874,21,6
5,False,False,33,1.0,3.0,0.136,2.97,21,5
5,False,False,33,1.0,3.0,0.136,2.931,21,6
5,False,False,33,1.0,3.0,0.045,2.909,21,5
5,False,False,33,1.0,3.0,0.0,2.814,21,5
5,False,False,33,1.0,3.0,0.136,2.965,21,6
5,False,False,33,1.0,3.0,0.182,2.965,21,6
5,False,False,33,1.0,3.0,0.045,2.727,21,5
5,False,False,33,1.0,3.0,0.136,3.065,21,6
5,False,False,33,1.0,3.0,0.045,2.814,21,5
5,False,False,33,1.0,3.0,0.091,2.684,21,5
5,False,False,33,1.0,3.0,0.136,3.1,21,6
5,False,False,33,1.0,3.0,0.091,3.052,21,6
5,False,False,33,1.0,3.0,0.091,2.736,21,5
5,False,False,33,1.0,3.0,0.136,2.844,21,6
5,False,False,33,1.0,3.0,0.136,2.935,21,6
5,False,False,33,1.0,3.0,0.091,2.814,21,5
5,False,False,33,1.0,3.0,0.0,2.671,21,5
5,False,False,33,1.0,3.0,0.182,2.987,21,6
5,False,False,33,1.0,3.0,0.0,2.745,21,5
5,False,False,33,1.0,3.0,0.0,2.636,21,4
5,False,False,33,1.0,3.0,0.045,2.983,21,6
5,False,False,33,1.0,3.0,0.136,2.823,21,5
5,False,False,33,1.0,3.0,0.136,3.017,21,6
5,False,False,33,1.0,3.0,0.045,2.81,21,5
5,False,False,33,1.0,3.0,0.045,2.961,21,6
5,False,False,33,1.0,3.0,0.136,2.944,21,6
5,False,False,33,1.0,3.0,0.091,3.056,21,6
5,False,False,33,1.0,3.0,0.091,2.883,21,5
5,False,False,33,1.0,3.0,0.045,2.701,21,5
5,False,False,33,1.0,3.0,0.136,2.87,21,5
5,False,False,33,1.0,3.0,0.091,2.87,21,5
5,False,False,33,1.0,3.0,0.091,3.017,21,6
5,False,False,33,1.0,3.0,0.091,2.749,21,5
5,False,False,33,1.0,3.0,0.091,2.719,21,5
5,False,False,33,1.0,3.0,0.045,2.788,21,5
5,False,False,33,1.0,3.0,0.091,2.81,21,5
5,False,False,33,1.0,3.0,0.091,2.753,21,5
5,False,False,33,1.0,3.0,0.091,2.801,21,5
5,False,False,33,1.0,3.0,0.045,2.805,21,5
5,False,False,33,1.0,3.0,0.136,2.931,21,5
5,False,False,33,1.0,3.0,0.0,2.784,21,5
5,False,False,33,1.0,3.0,0.045,2.853,21,5
5,False,True,33,1.0,3.0,0.182,3.026,21,6
5,False,False,33,1.0,3.0,0.0,2.71,21,5
5,False,False,33,1.0,3.0,0.091,2.974,21,6
5,False,False,33,1.0,3.0,0.136,2.97,21,6
5,False,False,33,1.0,3.0,0.091,2.861,21,5
5,False,False,33,1.0,3.0,0.091,2.931,21,5
5,False,False,33,1.0,3.0,0.136,2.87,21,5
5,False,False,33,1.0,3.0,0.0,2.874,21,6
5,False,False,33,1.0,3.0,0.045,2.645,21,4
5,False,False,33,1.0,3.0,0.0,2.848,21,5
5,False,False,33,1.0,3.0,0.091,2.909,21,6
5,False,False,33,1.0,3.0,0.091,2.931,21,5
5,False,True,33,1.0,3.0,0.136,3.203,21,7
5,False,False,33,1.0,3.0,0.091,2.983,21,6
5,False,False,33,1.0,3.0,0.091,2.792,21,5
5,False,False,33,1.0,3.0,0.045,2.745,21,5
5,False,False,33,1.0,3.0,0.045,2.818,21,6
5,False,False,33,1.0,3.0,0.091,2.879,21,5
5,False,False,33,1.0,3.0,0.091,2.887,21,5
5,False,False,33,1.0,3.0,0.045,2.827,21,5
5,False,False,33,1.0,3.0,0.091,2.762,21,5
5,False,False,33,1.0,3.0,0.091,2.874,21,6
5,False,False,33,1.0,3.0,0.045,2.948,21,6
5,False,False,33,1.0,3.0,0.045,2.74,21,5
5,False,False,33,1.0,3.0,0.0,2.667,21,5
5,False,False,33,1.0,3.0,0.091,2.758,21,5
5,False,False,33,1.0,3.0,0.045,2.667,21,5
5,False,False,33,1.0,3.0,0.136,3.035,21,6
5,False,False,33,1.0,3.0,0.136,3.139,21,7
5,False,False,33,1.0,3.0,0.045,2.645,21,5
5,False,False,33,1.0,3.0,0.045,2.697,21,5
5,False,False,33,1.0,3.0,0.045,2.753,21,5
5,False,False,33,1.0,3.0,0.045,2.835,21,6
5,False,False,33,1.0,3.0,0.0,2.779,21,5
5,False,False,33,1.0,3.0,0.045,2.853,21,5
5,False,False,33,1.0,3.0,0.091,2.723,21,5
5,False,False,33,1.0,3.0,0.136,2.939,21,6
5,False,False,33,1.0,3.0,0.091,2.866,21,5
5,False,False,33,1.0,3.0,0.182,2.952,21,6
5,False,False,33,1.0,3.0,0.045,2.922,21,5
5,False,False,33,1.0,3.0,0.0,2.71,21,5
5,False,False,33,1.0,3.0,0.045,2.771,21,5
5,False,False,33,1.0,3.0,0.091,2.97,21,6
5,False,False,33,1.0,3.0,0.045,2.671,21,5
5,False,False,33,1.0,3.0,0.045,2.827,21,6
5,False,False,33,1.0,3.0,0.091,2.688,21,5
5,False,False,33,1.0,3.0,0.045,3.13,21,7
5,False,False,33,1.0,3.0,0.045,2.693,21,5
5,False,False,33,1.0,3.0,0.136,2.957,21,5
5,False,False,33,1.0,3.0,0.0,2.636,21,5
5,False,False,33,1.0,3.0,0.045,2.983,21,6
5,False,False,33,1.0,3.0,0.0,2.762,21,5
5,False,False,33,1.0,3.0,0.091,2.788,21,5
5,False,False,33,1.0,3.0,0.091,2.913,21,5
5,False,False,33,1.0,3.0,0.136,2.857,21,5
5,False,False,33,1.0,3.0,0.045,2.775,21,5
5,False,False,33,1.0,3.0,0.091,2.771,21,5
5,False,False,33,1.0,3.0,0.0,2.784,21,5
5,False,False,33,1.0,3.0,0.045,2.71,21,5
5,False,False,33,1.0,3.0,0.0,2.58,21,4
5,False,False,33,1.0,3.0,0.0,2.658,21,5
5,False,False,33,1.0,3.0,0.0,2.762,21,5
5,False,False,33,1.0,3.0,0.045,3.0,21,6
5,False,False,33,1.0,3.0,0.045,2.775,21,5
5,False,False,33,1.0,3.0,0.091,3.043,21,5
5,False,False,33,1.0,3.0,0.091,2.732,21,5
5,False,False,33,1.0,3.0,0.0,2.727,21,5
5,False,False,33,1.0,3.0,0.045,2.887,21,6
5,False,False,33,1.0,3.0,0.136,2.879,21,6
5,False,False,33,1.0,3.0,0.0,2.723,21,5
5,False,False,33,1.0,3.0,0.0,2.684,21,5
5,False,False,33,1.0,3.0,0.091,2.801,21,5
5,False,False,33,1.0,3.0,0.136,2.823,21,5
5,False,False,33,1.0,3.0,0.045,2.81,21,5
5,False,False,33,1.0,3.0,0.136,2.801,21,5
5,False,False,33,1.0,3.0,0.045,2.771,21,6
5,False,False,33,1.0,3.0,0.091,2.892,21,5
5,False,False,33,1.0,3.0,0.045,2.727,21,5
5,False,False,33,1.0,3.0,0.045,2.909,21,6
5,False,False,33,1.0,3.0,0.091,2.706,21,5
5,False,False,33,1.0,3.0,0.045,2.844,21,5
5,False,False,33,1.0,3.0,0.045,2.745,21,5
5,False,True,33,1.0,3.0,0.227,4.056,21,9
5,False,False,33,1.0,3.0,0.091,3.03,21,7
5,False,False,33,1.0,3.0,0.136,3.061,21,6
5,False,False,33,1.0,3.0,0.0,2.645,21,4
5,False,False,33,1.0,3.0,0.045,2.727,21,5
5,False,False,33,1.0,3.0,0.182,3.104,21,6
5,False,False,33,1.0,3.0,0.136,3.169,21,6
5,False,False,33,1.0,3.0,0.045,2.784,21,5
5,False,False,33,1.0,3.0,0.045,3.0,21,6
5,False,False,33,1.0,3.0,0.136,3.113,21,7
5,False,False,33,1.0,3.0,0.182,2.87,21,5
5,False,False,33,1.0,3.0,0.045,2.732,21,5
5,False,False,33,1.0,3.0,0.091,2.922,21,6
5,False,False,33,1.0,3.0,0.136,2.848,21,6
5,False,False,33,1.0,3.0,0.0,2.71,21,5
5,False,False,33,1.0,3.0,0.045,2.823,21,5
5,False,False,33,1.0,3.0,0.136,2.948,21,5
5,False,False,33,1.0,3.0,0.136,2.797,21,5
5,False,False,33,1.0,3.0,0.091,2.753,21,5
5,False,False,33,1.0,3.0,0.0,2.727,21,5
5,False,False,33,1.0,3.0,0.0,2.628,21,4
5,False,False,33,1.0,3.0,0.0,2.675,21,5
5,False,False,33,1.0,3.0,0.136,2.922,21,6
5,False,False,33,1.0,3.0,0.136,2.827,21,5
5,False,False,33,1.0,3.0,0.045,2.905,21,6
5,False,False,33,1.0,3.0,0.045,2.732,21,5
5,False,False,33,1.0,3.0,0.091,2.918,21,6
5,False,True,33,1.0,3.0,0.227,3.022,21,6
5,False,False,33,1.0,3.0,0.091,2.9,21,6
5,False,False,33,1.0,3.0,0.0,2.701,21,5
5,False,False,33,1.0,3.0,0.136,2.857,21,5
5,False,False,33,1.0,3.0,0.091,2.879,21,6
5,False,False,33,1.0,3.0,0.091,3.126,21,7
5,False,False,33,1.0,3.0,0.136,3.584,21,8
5,False,False,33,1.0,3.0,0.091,2.861,21,6
5,False,False,33,1.0,3.0,0.182,3.048,21,6
5,False,False,33,1.0,3.0,0.0,2.615,21,5
5,False,False,33,1.0,3.0,0.045,2.814,21,5
5,False,False,33,1.0,3.0,0.091,2.753,21,5
5,False,False,33,1.0,3.0,0.182,2.939,21,6
5,False,False,33,1.0,3.0,0.136,2.753,21,5
5,False,False,33,1.0,3.0,0.0,2.775,21,5
5,False,False,33,1.0,3.0,0.045,2.918,21,6
5,False,False,33,1.0,3.0,0.0,2.753,21,5
5,False,False,33,1.0,3.0,0.091,2.892,21,6
5,False,False,33,1.0,3.0,0.136,3.074,21,6
5,False,False,33,1.0,3.0,0.136,2.926,21,6
5,False,False,33,1.0,3.0,0.0,2.688,21,5
5,False,False,33,1.0,3.0,0.045,2.827,21,5
5,False,False,33,1.0,3.0,0.091,3.03,21,6
5,False,False,33,1.0,3.0,0.0,2.797,21,5
5,False,False,33,1.0,3.0,0.136,2.887,21,5
5,False,False,33,1.0,3.0,0.091,2.926,21,5
5,False,False,33,1.0,3.0,0.045,2.745,21,5
5,False,False,33,1.0,3.0,0.136,3.13,21,6
5,False,False,33,1.0,3.0,0.136,2.944,21,5
5,False,False,33,1.0,3.0,0.182,3.03,21,6
5,False,False,33,1.0,3.0,0.091,2.835,21,6
5,False,False,33,1.0,3.0,0.0,2.71,21,5
5,False,False,33,1.0,3.0,0.0,2.723,21,5
5,False,False,33,1.0,3.0,0.136,3.095,21,6
5,False,False,33,1.0,3.0,0.136,3.004,21,6
5,False,False,33,1.0,3.0,0.091,2.74,21,5
5,False,False,33,1.0,3.0,0.091,2.905,21,6
5,False,False,33,1.0,3.0,0.045,2.749,21,5
5,False,False,33,1.0,3.0,0.091,2.771,21,5
5,False,False,33,1.0,3.0,0.091,2.835,21,5
5,False,False,33,1.0,3.0,0.045,2.74,21,5
5,False,False,33,1.0,3.0,0.091,2.9,21,5
5,False,True,33,1.0,3.0,0.227,3.095,21,6
5,False,False,33,1.0,3.0,0.045,2.762,21,5
5,False,False,33,1.0,3.0,0.045,2.736,21,5
5,False,False,33,1.0,3.0,0.136,2.892,21,5
5,False,False,33,1.0,3.0,0.045,2.745,21,5
5,False,False,33,1.0,3.0,0.045,2.727,21,5
5,False,False,33,1.0,3.0,0.091,2.97,21,6
5,False,False,33,1.0,3.0,0.091,2.844,21,5
5,False,False,33,1.0,3.0,0.045,2.784,21,5
5,False,False,33,1.0,3.0,0.091,2.892,21,6
5,False,False,33,1.0,3.0,0.045,2.909,21,6
5,False,False,33,1.0,3.0,0.091,3.026,21,6
5,False,False,33,1.0,3.0,0.091,2.935,21,6
5,False,False,33,1.0,3.0,0.091,2.853,21,5
5,False,False,33,1.0,3.0,0.136,2.792,21,5
5,False,False,33,1.0,3.0,0.091,2.887,21,5
5,False,False,33,1.0,3.0,0.045,2.745,21,5
5,False,False,33,1.0,3.0,0.091,2.848,21,5
5,False,True,33,1.0,3.0,0.182,3.056,21,6
5,False,False,33,1.0,3.0,0.0,2.68,21,5
5,False,False,33,1.0,3.0,0.136,3.753,21,8
5,False,False,33,1.0,3.0,0.045,2.801,21,5
5,False,False,33,1.0,3.0,0.091,3.035,21,6
5,False,False,33,1.0,3.0,0.182,3.022,21,6
5,False,False,33,1.0,3.0,0.091,2.87,21,6
5,False,False,33,1.0,3.0,0.182,3.165,21,6
5,False,False,33,1.0,3.0,0.045,2.667,21,5
5,False,False,33,1.0,3.0,0.045,3.0,21,6
5,False,False,33,1.0,3.0,0.182,2.939,21,5
5,False,False,33,1.0,3.0,0.091,3.026,21,6
5,False,False,33,1.0,3.0,0.091,2.926,21,6
5,False,False,33,1.0,3.0,0.045,2.758,21,5
5,False,False,33,1.0,3.0,0.045,2.779,21,5
5,False,False,33,1.0,3.0,0.045,2.983,21,6
5,False,False,33,1.0,3.0,0.045,2.753,21,5
5,False,False,33,1.0,3.0,0.045,2.753,21,5
5,False,False,33,1.0,3.0,0.045,2.758,21,6
5,False,False,33,1.0,3.0,0.091,2.896,21,5
5,False,False,33,1.0,3.0,0.091,2.831,21,5
5,False,False,33,1.0,3.0,0.0,2.688,21,5
5,False,False,33,1.0,3.0,0.0,2.9,21,5
5,False,False,33,1.0,3.0,0.091,2.922,21,6
5,False,False,33,1.0,3.0,0.136,2.987,21,5
5,False,False,33,1.0,3.0,0.136,3.139,21,6
5,False,False,33,1.0,3.0,0.0,2.632,21,4
5,False,False,33,1.0,3.0,0.0,2.658,21,5
5,False,False,33,1.0,3.0,0.091,2.727,21,5
5,False,False,33,1.0,3.0,0.091,2.684,21,5
5,False,False,33,1.0,3.0,0.0,2.623,21,5
5,False,False,33,1.0,3.0,0.091,2.784,21,5
5,False,False,33,1.0,3.0,0.045,2.896,21,5
5,False,False,33,1.0,3.0,0.091,2.797,21,5
5,False,False,33,1.0,3.0,0.091,2.779,21,6
5,False,False,33,1.0,3.0,0.045,2.671,21,5
5,False,False,33,1.0,3.0,0.136,3.03,21,6
5,False,False,33,1.0,3.0,0.136,3.104,21,6
5,False,False,33,1.0,3.0,0.045,2.775,21,5
5,False,False,33,1.0,3.0,0.182,2.991,21,6
5,False,False,33,1.0,3.0,0.091,2.736,21,5
5,False,False,33,1.0,3.0,0.091,2.766,21,5
5,False,False,33,1.0,3.0,0.136,3.329,21,7
5,False,False,33,1.0,3.0,0.0,2.983,21,6
5,False,False,33,1.0,3.0,0.045,2.762,21,5
5,False,False,33,1.0,3.0,0.045,2.857,21,6
5,False,False,33,1.0,3.0,0.136,2.81,21,5
5,False,False,33,1.0,3.0,0.045,2.835,21,5
5,False,False,33,1.0,3.0,0.136,3.091,21,7
5,False,False,33,1.0,3.0,0.091,2.965,21,6
5,False,False,33,1.0,3.0,0.091,3.0,21,6
5,False,False,33,1.0,3.0,0.091,2.823,21,5
5,False,False,33,1.0,3.0,0.045,2.965,21,6
5,False,False,33,1.0,3.0,0.045,2.818,21,5
5,False,True,33,1.0,3.0,0.182,3.182,21,6
5,False,False,33,1.0,3.0,0.0,2.71,21,5
5,False,False,33,1.0,3.0,0.136,2.848,21,5
5,False,False,33,1.0,3.0,0.136,2.831,21,6
5,False,False,33,1.0,3.0,0.045,2.732,21,5
5,False,False,33,1.0,3.0,0.136,3.29,21,7
5,False,False,33,1.0,3.0,0.045,2.965,21,6
5,False,False,33,1.0,3.0,0.045,2.831,21,6
5,False,False,33,1.0,3.0,0.045,2.84,21,5
5,False,False,33,1.0,3.0,0.091,2.814,21,5
5,False,False,33,1.0,3.0,0.091,2.918,21,6
5,False,False,33,1.0,3.0,0.091,2.827,21,5
5,False,False,33,1.0,3.0,0.045,2.918,21,6
5,False,False,33,1.0,3.0,0.045,3.0,21,6
5,False,False,33,1.0,3.0,0.0,2.844,21,5
5,False,False,33,1.0,3.0,0.182,2.831,21,5
5,False,False,33,1.0,3.0,0.091,3.048,21,6
5,False,False,33,1.0,3.0,0.045,2.753,21,5
5,False,False,33,1.0,3.0,0.091,2.714,21,5
5,False,False,33,1.0,3.0,0.136,2.788,21,5
5,False,False,33,1.0,3.0,0.0,2.649,21,5
5,False,False,33,1.0,3.0,0.091,2.801,21,6
5,False,False,33,1.0,3.0,0.045,2.931,21,6
5,False,False,33,1.0,3.0,0.091,2.797,21,6
5,False,False,33,1.0,3.0,0.045,2.684,21,5
5,False,False,33,1.0,3.0,0.091,2.818,21,5
5,False,False,33,1.0,3.0,0.091,2.853,21,5
5,False,False,33,1.0,3.0,0.045,2.909,21,6
5,False,False,33,1.0,3.0,0.045,2.671,21,4
5,False,False,33,1.0,3.0,0.045,2.719,21,5
5,False,False,33,1.0,3.0,0.091,2.805,21,5
5,False,False,33,1.0,3.0,0.091,2.939,21,5
5,False,False,33,1.0,3.0,0.182,2.957,21,5
5,False,False,33,1.0,3.0,0.091,2.944,21,6
5,False,False,33,1.0,3.0,0.091,2.801,21,5
5,False,False,33,1.0,3.0,0.136,2.861,21,5
5,False,False,33,1.0,3.0,0.045,2.896,21,6
5,False,False,33,1.0,3.0,0.045,2.805,21,5
5,False,False,33,1.0,3.0,0.0,2.9,21,6
5,False,False,33,1.0,3.0,0.045,2.823,21,5
5,False,False,33,1.0,3.0,0.136,2.853,21,5
5,False,False,33,1.0,3.0,0.045,2.714,21,5
5,False,False,33,1.0,3.0,0.136,3.152,21,7
5,False,False,33,1.0,3.0,0.045,2.723,21,5
5,False,False,33,1.0,3.0,0.045,2.922,21,6
5,False,False,33,1.0,3.0,0.045,2.779,21,6
5,False,False,33,1.0,3.0,0.091,2.831,21,5
5,False,False,33,1.0,3.0,0.045,2.732,21,5
5,False,False,33,1.0,3.0,0.045,2.779,21,5
5,False,False,33,1.0,3.0,0.0,2.719,21,5
5,False,False,33,1.0,3.0,0.136,3.065,21,6
5,False,False,33,1.0,3.0,0.045,2.645,21,4
5,False,False,33,1.0,3.0,0.182,2.87,21,5
5,False,False,33,1.0,3.0,0.045,2.844,21,6
5,False,False,33,1.0,3.0,0.136,2.952,21,6
5,False,False,33,1.0,3.0,0.0,2.671,21,5
5,False,False,33,1.0,3.0,0.091,2.874,21,5
5,False,False,33,1.0,3.0,0.045,2.753,21,5
5,False,False,33,1.0,3.0,0.136,2.779,21,5
5,False,False,33,1.0,3.0,0.182,3.273,21,7
5,False,False,33,1.0,3.0,0.045,2.74,21,5
5,False,False,33,1.0,3.0,0.045,2.762,21,5
5,False,False,33,1.0,3.0,0.136,2.883,21,6
5,False,False,33,1.0,3.0,0.045,2.697,21,5
5,False,False,33,1.0,3.0,0.091,2.736,21,5
5,False,True,33,1.0,3.0,0.091,3.104,21,6
5,False,False,33,1.0,3.0,0.091,2.922,21,6
5,False,False,33,1.0,3.0,0.091,2.805,21,5
5,False,False,33,1.0,3.0,0.136,2.987,21,6
5,False,False,33,1.0,3.0,0.091,2.745,21,5
5,False,True,33,1.0,3.0,0.227,3.455,21,8
5,False,False,33,1.0,3.0,0.136,2.97,21,6
5,False,False,33,1.0,3.0,0.182,2.991,21,6
5,False,False,33,1.0,3.0,0.045,2.645,21,5
5,False,False,33,1.0,3.0,0.045,2.749,21,5
5,False,False,33,1.0,3.0,0.091,2.848,21,5
5,False,False,33,1.0,3.0,0.045,2.775,21,5
5,False,False,33,1.0,3.0,0.0,2.784,21,5
5,False,False,33,1.0,3.0,0.182,2.81,21,5
5,False,False,33,1.0,3.0,0.0,2.784,21,5
5,False,False,33,1.0,3.0,0.182,2.926,21,5
5,False,False,33,1.0,3.0,0.045,2.918,21,5
5,False,False,33,1.0,3.0,0.091,2.827,21,5
5,False,False,33,1.0,3.0,0.045,2.74,21,5
5,False,False,33,1.0,3.0,0.045,2.801,21,5
5,False,False,33,1.0,3.0,0.091,2.805,21,5
5,False,False,33,1.0,3.0,0.045,2.788,21,5
5,False,False,33,1.0,3.0,0.0,2.623,21,5
5,False,False,33,1.0,3.0,0.091,2.991,21,6
5,False,False,33,1.0,3.0,0.0,2.671,21,5
5,False,False,33,1.0,3.0,0.045,2.861,21,5
5,False,False,33,1.0,3.0,0.136,2.957,21,5
5,False,False,33,1.0,3.0,0.091,2.827,21,5
5,False,False,33,1.0,3.0,0.091,2.853,21,5
5,False,False,33,1.0,3.0,0.045,2.87,21,5
5,False,True,33,1.0,3.0,0.182,3.242,21,7
5,False,False,33,1.0,3.0,0.045,2.693,21,5
5,False,False,33,1.0,3.0,0.136,2.931,21,5
5,False,False,33,1.0,3.0,0.045,2.706,21,5
5,False,False,33,1.0,3.0,0.091,3.199,21,6
5,False,False,33,1.0,3.0,0.045,2.827,21,5
5,False,False,33,1.0,3.0,0.227,3.121,21,6
5,False,False,33,1.0,3.0,0.091,2.874,21,5
5,False,False,33,1.0,3.0,0.136,2.939,21,6
5,False,False,33,1.0,3.0,0.091,2.883,21,5
5,False,False,33,1.0,3.0,0.091,2.775,21,5
5,False,False,33,1.0,3.0,0.091,2.939,21,6
5,False,False,33,1.0,3.0,0.182,3.0,21,6
5,False,False,33,1.0,3.0,0.136,3.056,21,6
5,False,False,33,1.0,3.0,0.045,2.766,21,5
5,False,False,33,1.0,3.0,0.091,3.017,21,6
5,False,False,33,1.0,3.0,0.091,2.766,21,6
5,False,False,33,1.0,3.0,0.045,2.727,21,5
5,False,False,33,1.0,3.0,0.136,2.918,21,5
5,False,False,33,1.0,3.0,0.091,3.035,21,5
5,False,False,33,1.0,3.0,0.045,2.701,21,5
5,False,False,33,1.0,3.0,0.045,2.801,21,5
5,False,False,33,1.0,3.0,0.136,2.879,21,5
5,False,False,33,1.0,3.0,0.091,2.805,21,5
5,False,False,33,1.0,3.0,0.136,2.896,21,6
5,False,False,33,1.0,3.0,0.045,2.883,21,6
5,False,False,33,1.0,3.0,0.091,3.186,21,7
5,False,False,33,1.0,3.0,0.182,3.065,21,6
5,False,False,33,1.0,3.0,0.136,3.104,21,7
5,False,False,33,1.0,3.0,0.091,2.844,21,5
5,False,False,33,1.0,3.0,0.091,2.896,21,6
5,False,False,33,1.0,3.0,0.045,2.861,21,6
5,False,False,33,1.0,3.0,0.0,2.723,21,5
5,False,False,33,1.0,3.0,0.136,3.165,21,7
5,False,False,33,1.0,3.0,0.091,2.844,21,5
5,False,False,33,1.0,3.0,0.091,2.922,21,6
5,False,False,33,1.0,3.0,0.045,2.762,21,5
5,False,False,33,1.0,3.0,0.091,2.814,21,5
5,False,False,33,1.0,3.0,0.045,2.792,21,5
5,False,False,33,1.0,3.0,0.182,3.264,21,7
5,False,False,33,1.0,3.0,0.091,2.922,21,6
5,False,False,33,1.0,3.0,0.091,2.835,21,6
5,False,False,33,1.0,3.0,0.091,3.03,21,6
5,False,False,33,1.0,3.0,0.182,3.221,21,7
5,False,False,33,1.0,3.0,0.045,2.887,21,5
5,False,False,33,1.0,3.0,0.045,2.671,21,5
5,False,False,33,1.0,3.0,0.045,2.797,21,5
5,False,False,33,1.0,3.0,0.091,2.835,21,5
5,False,False,33,1.0,3.0,0.045,2.835,21,5
5,False,False,33,1.0,3.0,0.182,2.892,21,6
5,False,False,33,1.0,3.0,0.045,3.03,21,6
5,False,False,33,1.0,3.0,0.091,2.788,21,5
5,False,False,33,1.0,3.0,0.091,2.887,21,6
5,False,False,33,1.0,3.0,0.182,2.996,21,6
5,False,False,33,1.0,3.0,0.045,2.684,21,5
5,False,False,33,1.0,3.0,0.0,2.719,21,5
5,False,False,33,1.0,3.0,0.136,2.931,21,6
5,False,False,33,1.0,3.0,0.0,2.684,21,5
5,False,False,33,1.0,3.0,0.0,2.641,21,5
5,False,False,33,1.0,3.0,0.045,2.701,21,5
5,False,False,33,1.0,3.0,0.136,2.866,21,5
5,False,False,33,1.0,3.0,0.091,2.848,21,6
5,False,False,33,1.0,3.0,0.136,2.987,21,6
5,False,False,33,1.0,3.0,0.091,2.736,21,5
5,False,False,33,1.0,3.0,0.045,2.758,21,5
5,False,False,33,1.0,3.0,0.227,3.095,21,6
5,False,False,33,1.0,3.0,0.045,2.926,21,5
5,False,False,33,1.0,3.0,0.045,2.693,21,5
5,False,False,33,1.0,3.0,0.136,2.996,21,6
5,False,False,33,1.0,3.0,0.091,2.758,21,5
5,False,False,33,1.0,3.0,0.045,2.753,21,5
5,False,False,33,1.0,3.0,0.0,2.74,21,5
5,False,False,33,1.0,3.0,0.0,2.797,21,5
5,False,False,33,1.0,3.0,0.045,2.675,21,5
5,False,False,33,1.0,3.0,0.091,2.823,21,5
5,False,False,33,1.0,3.0,0.045,2.732,21,5
5,False,False,33,1.0,3.0,0.045,2.753,21,5
5,False,False,33,1.0,3.0,0.045,2.844,21,5
5,False,False,33,1.0,3.0,0.045,2.723,21,5
5,False,False,33,1.0,3.0,0.136,2.745,21,5
5,False,False,33,1.0,3.0,0.0,2.706,21,5
5,False,False,33,1.0,3.0,0.045,2.697,21,5
5,False,False,33,1.0,3.0,0.136,2.887,21,5
5,False,False,33,1.0,3.0,0.0,2.81,21,5
5,False,False,33,1.0,3.0,0.136,3.065,21,6
5,False,False,33,1.0,3.0,0.091,2.792,21,5
5,False,False,33,1.0,3.0,0.0,2.701,21,5
5,False,False,33,1.0,3.0,0.091,2.792,21,5
5,False,False,33,1.0,3.0,0.045,2.727,21,5
5,False,False,33,1.0,3.0,0.091,2.788,21,5
5,False,False,33,1.0,3.0,0.136,2.987,21,6
5,False,False,33,1.0,3.0,0.091,3.312,21,7
5,False,False,33,1.0,3.0,0.0,2.775,21,5
5,False,False,33,1.0,3.0,0.045,2.87,21,5
5,False,False,33,1.0,3.0,0.045,2.784,21,5
5,False,False,33,1.0,3.0,0.0,2.732,21,5
5,False,True,33,1.0,3.0,0.227,3.186,21,6
5,False,False,33,1.0,3.0,0.045,2.818,21,5
5,False,False,33,1.0,3.0,0.0,2.758,21,5
5,False,False,33,1.0,3.0,0.091,2.835,21,5
5,False,False,33,1.0,3.0,0.045,2.814,21,5
5,False,False,33,1.0,3.0,0.045,2.848,21,6
5,False,False,33,1.0,3.0,0.045,2.827,21,6
5,False,False,33,1.0,3.0,0.0,2.848,21,6
5,False,False,33,1.0,3.0,0.0,2.779,21,5
5,False,False,33,1.0,3.0,0.045,2.905,21,6
5,False,False,33,1.0,3.0,0.045,2.649,21,5
5,False,False,33,1.0,3.0,0.091,2.758,21,5
5,False,False,33,1.0,3.0,0.0,2.753,21,5
5,False,False,33,1.0,3.0,0.045,2.701,21,5
5,False,False,33,1.0,3.0,0.045,2.723,21,5
5,False,False,33,1.0,3.0,0.045,2.723,21,5
5,False,False,33,1.0,3.0,0.091,2.983,21,5
5,False,False,33,1.0,3.0,0.136,2.792,21,5
5,False,False,33,1.0,3.0,0.045,2.792,21,5
5,False,False,33,1.0,3.0,0.045,2.714,21,5
5,False,False,33,1.0,3.0,0.045,2.792,21,5
5,False,False,33,1.0,3.0,0.091,2.753,21,5
5,False,False,33,1.0,3.0,0.091,2.965,21,6
5,False,False,33,1.0,3.0,0.091,2.784,21,5
